season,league,forecast_date,team,cup,cup_outcome,group_first,group_first_outcome,group_fourth,group_fourth_outcome,group_second,group_second_outcome,group_third_advance,group_third_advance_outcome,group_third_no_advance,group_third_no_advance_outcome,quarter,quarter_outcome,semi,semi_outcome,sixteen,sixteen_outcome,win,win_outcome
2015,FIFA Women's World Cup,2015-07-05,Switzerland,0.0,0.0,0.0,0.0,0.0,0.0,0.0,0.0,1.0,1.0,0.0,0.0,0.0,0.0,0.0,0.0,1.0,1.0,0.0,0.0
2015,FIFA Women's World Cup,2015-07-05,Nigeria,0.0,0.0,0.0,0.0,1.0,1.0,0.0,0.0,0.0,0.0,0.0,0.0,0.0,0.0,0.0,0.0,0.0,0.0,0.0,0.0
2015,FIFA Women's World Cup,2015-07-05,USA,1.0,1.0,1.0,1.0,0.0,0.0,0.0,0.0,0.0,0.0,0.0,0.0,1.0,1.0,1.0,1.0,1.0,1.0,1.0,1.0
2015,FIFA Women's World Cup,2015-07-05,Netherlands,0.0,0.0,0.0,0.0,0.0,0.0,0.0,0.0,1.0,1.0,0.0,0.0,0.0,0.0,0.0,0.0,1.0,1.0,0.0,0.0
2015,FIFA Women's World Cup,2015-07-05,Sweden,0.0,0.0,0.0,0.0,0.0,0.0,0.0,0.0,1.0,1.0,0.0,0.0,0.0,0.0,0.0,0.0,1.0,1.0,0.0,0.0
2015,FIFA Women's World Cup,2015-07-05,Costa Rica,0.0,0.0,0.0,0.0,0.0,0.0,0.0,0.0,0.0,0.0,1.0,1.0,0.0,0.0,0.0,0.0,0.0,0.0,0.0,0.0
2015,FIFA Women's World Cup,2015-07-05,Ivory Coast,0.0,0.0,0.0,0.0,1.0,1.0,0.0,0.0,0.0,0.0,0.0,0.0,0.0,0.0,0.0,0.0,0.0,0.0,0.0,0.0
2015,FIFA Women's World Cup,2015-07-05,South Korea,0.0,0.0,0.0,0.0,0.0,0.0,1.0,1.0,0.0,0.0,0.0,0.0,0.0,0.0,0.0,0.0,1.0,1.0,0.0,0.0
2015,FIFA Women's World Cup,2015-07-05,Cameroon,0.0,0.0,0.0,0.0,0.0,0.0,1.0,1.0,0.0,0.0,0.0,0.0,0.0,0.0,0.0,0.0,1.0,1.0,0.0,0.0
2015,FIFA Women's World Cup,2015-07-05,Germany,0.0,0.0,1.0,1.0,0.0,0.0,0.0,0.0,0.0,0.0,0.0,0.0,1.0,1.0,1.0,1.0,1.0,1.0,0.0,0.0
2015,FIFA Women's World Cup,2015-07-05,Spain,0.0,0.0,0.0,0.0,1.0,1.0,0.0,0.0,0.0,0.0,0.0,0.0,0.0,0.0,0.0,0.0,0.0,0.0,0.0,0.0
2015,FIFA Women's World Cup,2015-07-05,Colombia,0.0,0.0,0.0,0.0,0.0,0.0,0.0,0.0,1.0,1.0,0.0,0.0,0.0,0.0,0.0,0.0,1.0,1.0,0.0,0.0
2015,FIFA Women's World Cup,2015-07-05,Ecuador,0.0,0.0,0.0,0.0,1.0,1.0,0.0,0.0,0.0,0.0,0.0,0.0,0.0,0.0,0.0,0.0,0.0,0.0,0.0,0.0
2015,FIFA Women's World Cup,2015-07-05,France,0.0,0.0,1.0,1.0,0.0,0.0,0.0,0.0,0.0,0.0,0.0,0.0,1.0,1.0,0.0,0.0,1.0,1.0,0.0,0.0
2015,FIFA Women's World Cup,2015-07-05,England,0.0,0.0,0.0,0.0,0.0,0.0,1.0,1.0,0.0,0.0,0.0,0.0,1.0,1.0,1.0,1.0,1.0,1.0,0.0,0.0
2015,FIFA Women's World Cup,2015-07-05,China,0.0,0.0,0.0,0.0,0.0,0.0,1.0,1.0,0.0,0.0,0.0,0.0,1.0,1.0,0.0,0.0,1.0,1.0,0.0,0.0
2015,FIFA Women's World Cup,2015-07-05,Australia,0.0,0.0,0.0,0.0,0.0,0.0,1.0,1.0,0.0,0.0,0.0,0.0,1.0,1.0,0.0,0.0,1.0,1.0,0.0,0.0
2015,FIFA Women's World Cup,2015-07-05,Thailand,0.0,0.0,0.0,0.0,0.0,0.0,0.0,0.0,0.0,0.0,1.0,1.0,0.0,0.0,0.0,0.0,0.0,0.0,0.0,0.0
2015,FIFA Women's World Cup,2015-07-05,New Zealand,0.0,0.0,0.0,0.0,1.0,1.0,0.0,0.0,0.0,0.0,0.0,0.0,0.0,0.0,0.0,0.0,0.0,0.0,0.0,0.0
2015,FIFA Women's World Cup,2015-07-05,Japan,1.0,1.0,1.0,1.0,0.0,0.0,0.0,0.0,0.0,0.0,0.0,0.0,1.0,1.0,1.0,1.0,1.0,1.0,0.0,0.0
2015,FIFA Women's World Cup,2015-07-05,Norway,0.0,0.0,0.0,0.0,0.0,0.0,1.0,1.0,0.0,0.0,0.0,0.0,0.0,0.0,0.0,0.0,1.0,1.0,0.0,0.0
2015,FIFA Women's World Cup,2015-07-05,Mexico,0.0,0.0,0.0,0.0,1.0,1.0,0.0,0.0,0.0,0.0,0.0,0.0,0.0,0.0,0.0,0.0,0.0,0.0,0.0,0.0
2015,FIFA Women's World Cup,2015-07-05,Brazil,0.0,0.0,1.0,1.0,0.0,0.0,0.0,0.0,0.0,0.0,0.0,0.0,0.0,0.0,0.0,0.0,1.0,1.0,0.0,0.0
2015,FIFA Women's World Cup,2015-07-05,Canada,0.0,0.0,1.0,1.0,0.0,0.0,0.0,0.0,0.0,0.0,0.0,0.0,1.0,1.0,0.0,0.0,1.0,1.0,0.0,0.0
2015,FIFA Women's World Cup,2015-07-01,Switzerland,0.0,0.0,0.0,0.0,0.0,0.0,0.0,0.0,1.0,1.0,0.0,0.0,0.0,0.0,0.0,0.0,1.0,1.0,0.0,0.0
2015,FIFA Women's World Cup,2015-07-01,Nigeria,0.0,0.0,0.0,0.0,1.0,1.0,0.0,0.0,0.0,0.0,0.0,0.0,0.0,0.0,0.0,0.0,0.0,0.0,0.0,0.0
2015,FIFA Women's World Cup,2015-07-01,USA,1.0,1.0,1.0,1.0,0.0,0.0,0.0,0.0,0.0,0.0,0.0,0.0,1.0,1.0,1.0,1.0,1.0,1.0,0.67485,1.0
2015,FIFA Women's World Cup,2015-07-01,Netherlands,0.0,0.0,0.0,0.0,0.0,0.0,0.0,0.0,1.0,1.0,0.0,0.0,0.0,0.0,0.0,0.0,1.0,1.0,0.0,0.0
2015,FIFA Women's World Cup,2015-07-01,Sweden,0.0,0.0,0.0,0.0,0.0,0.0,0.0,0.0,1.0,1.0,0.0,0.0,0.0,0.0,0.0,0.0,1.0,1.0,0.0,0.0
2015,FIFA Women's World Cup,2015-07-01,Costa Rica,0.0,0.0,0.0,0.0,0.0,0.0,0.0,0.0,0.0,0.0,1.0,1.0,0.0,0.0,0.0,0.0,0.0,0.0,0.0,0.0
2015,FIFA Women's World Cup,2015-07-01,Ivory Coast,0.0,0.0,0.0,0.0,1.0,1.0,0.0,0.0,0.0,0.0,0.0,0.0,0.0,0.0,0.0,0.0,0.0,0.0,0.0,0.0
2015,FIFA Women's World Cup,2015-07-01,South Korea,0.0,0.0,0.0,0.0,0.0,0.0,1.0,1.0,0.0,0.0,0.0,0.0,0.0,0.0,0.0,0.0,1.0,1.0,0.0,0.0
2015,FIFA Women's World Cup,2015-07-01,Cameroon,0.0,0.0,0.0,0.0,0.0,0.0,1.0,1.0,0.0,0.0,0.0,0.0,0.0,0.0,0.0,0.0,1.0,1.0,0.0,0.0
2015,FIFA Women's World Cup,2015-07-01,Germany,0.0,0.0,1.0,1.0,0.0,0.0,0.0,0.0,0.0,0.0,0.0,0.0,1.0,1.0,1.0,1.0,1.0,1.0,0.0,0.0
2015,FIFA Women's World Cup,2015-07-01,Spain,0.0,0.0,0.0,0.0,1.0,1.0,0.0,0.0,0.0,0.0,0.0,0.0,0.0,0.0,0.0,0.0,0.0,0.0,0.0,0.0
2015,FIFA Women's World Cup,2015-07-01,Colombia,0.0,0.0,0.0,0.0,0.0,0.0,0.0,0.0,1.0,1.0,0.0,0.0,0.0,0.0,0.0,0.0,1.0,1.0,0.0,0.0
2015,FIFA Women's World Cup,2015-07-01,Ecuador,0.0,0.0,0.0,0.0,1.0,1.0,0.0,0.0,0.0,0.0,0.0,0.0,0.0,0.0,0.0,0.0,0.0,0.0,0.0,0.0
2015,FIFA Women's World Cup,2015-07-01,France,0.0,0.0,1.0,1.0,0.0,0.0,0.0,0.0,0.0,0.0,0.0,0.0,1.0,1.0,0.0,0.0,1.0,1.0,0.0,0.0
2015,FIFA Women's World Cup,2015-07-01,England,0.0,0.0,0.0,0.0,0.0,0.0,1.0,1.0,0.0,0.0,0.0,0.0,1.0,1.0,1.0,1.0,1.0,1.0,0.0,0.0
2015,FIFA Women's World Cup,2015-07-01,China,0.0,0.0,0.0,0.0,0.0,0.0,1.0,1.0,0.0,0.0,0.0,0.0,1.0,1.0,0.0,0.0,1.0,1.0,0.0,0.0
2015,FIFA Women's World Cup,2015-07-01,Australia,0.0,0.0,0.0,0.0,0.0,0.0,1.0,1.0,0.0,0.0,0.0,0.0,1.0,1.0,0.0,0.0,1.0,1.0,0.0,0.0
2015,FIFA Women's World Cup,2015-07-01,Thailand,0.0,0.0,0.0,0.0,0.0,0.0,0.0,0.0,0.0,0.0,1.0,1.0,0.0,0.0,0.0,0.0,0.0,0.0,0.0,0.0
2015,FIFA Women's World Cup,2015-07-01,New Zealand,0.0,0.0,0.0,0.0,1.0,1.0,0.0,0.0,0.0,0.0,0.0,0.0,0.0,0.0,0.0,0.0,0.0,0.0,0.0,0.0
2015,FIFA Women's World Cup,2015-07-01,Japan,1.0,1.0,1.0,1.0,0.0,0.0,0.0,0.0,0.0,0.0,0.0,0.0,1.0,1.0,1.0,1.0,1.0,1.0,0.32515,0.0
2015,FIFA Women's World Cup,2015-07-01,Norway,0.0,0.0,0.0,0.0,0.0,0.0,1.0,1.0,0.0,0.0,0.0,0.0,0.0,0.0,0.0,0.0,1.0,1.0,0.0,0.0
2015,FIFA Women's World Cup,2015-07-01,Mexico,0.0,0.0,0.0,0.0,1.0,1.0,0.0,0.0,0.0,0.0,0.0,0.0,0.0,0.0,0.0,0.0,0.0,0.0,0.0,0.0
2015,FIFA Women's World Cup,2015-07-01,Brazil,0.0,0.0,1.0,1.0,0.0,0.0,0.0,0.0,0.0,0.0,0.0,0.0,0.0,0.0,0.0,0.0,1.0,1.0,0.0,0.0
2015,FIFA Women's World Cup,2015-07-01,Canada,0.0,0.0,1.0,1.0,0.0,0.0,0.0,0.0,0.0,0.0,0.0,0.0,1.0,1.0,0.0,0.0,1.0,1.0,0.0,0.0
2015,FIFA Women's World Cup,2015-06-30,Switzerland,0.0,0.0,0.0,0.0,0.0,0.0,0.0,0.0,1.0,1.0,0.0,0.0,0.0,0.0,0.0,0.0,1.0,1.0,0.0,0.0
2015,FIFA Women's World Cup,2015-06-30,Nigeria,0.0,0.0,0.0,0.0,1.0,1.0,0.0,0.0,0.0,0.0,0.0,0.0,0.0,0.0,0.0,0.0,0.0,0.0,0.0,0.0
2015,FIFA Women's World Cup,2015-06-30,USA,1.0,1.0,1.0,1.0,0.0,0.0,0.0,0.0,0.0,0.0,0.0,0.0,1.0,1.0,1.0,1.0,1.0,1.0,0.6988,1.0
2015,FIFA Women's World Cup,2015-06-30,Netherlands,0.0,0.0,0.0,0.0,0.0,0.0,0.0,0.0,1.0,1.0,0.0,0.0,0.0,0.0,0.0,0.0,1.0,1.0,0.0,0.0
2015,FIFA Women's World Cup,2015-06-30,Sweden,0.0,0.0,0.0,0.0,0.0,0.0,0.0,0.0,1.0,1.0,0.0,0.0,0.0,0.0,0.0,0.0,1.0,1.0,0.0,0.0
2015,FIFA Women's World Cup,2015-06-30,Costa Rica,0.0,0.0,0.0,0.0,0.0,0.0,0.0,0.0,0.0,0.0,1.0,1.0,0.0,0.0,0.0,0.0,0.0,0.0,0.0,0.0
2015,FIFA Women's World Cup,2015-06-30,Ivory Coast,0.0,0.0,0.0,0.0,1.0,1.0,0.0,0.0,0.0,0.0,0.0,0.0,0.0,0.0,0.0,0.0,0.0,0.0,0.0,0.0
2015,FIFA Women's World Cup,2015-06-30,South Korea,0.0,0.0,0.0,0.0,0.0,0.0,1.0,1.0,0.0,0.0,0.0,0.0,0.0,0.0,0.0,0.0,1.0,1.0,0.0,0.0
2015,FIFA Women's World Cup,2015-06-30,Cameroon,0.0,0.0,0.0,0.0,0.0,0.0,1.0,1.0,0.0,0.0,0.0,0.0,0.0,0.0,0.0,0.0,1.0,1.0,0.0,0.0
2015,FIFA Women's World Cup,2015-06-30,Germany,0.0,0.0,1.0,1.0,0.0,0.0,0.0,0.0,0.0,0.0,0.0,0.0,1.0,1.0,1.0,1.0,1.0,1.0,0.0,0.0
2015,FIFA Women's World Cup,2015-06-30,Spain,0.0,0.0,0.0,0.0,1.0,1.0,0.0,0.0,0.0,0.0,0.0,0.0,0.0,0.0,0.0,0.0,0.0,0.0,0.0,0.0
2015,FIFA Women's World Cup,2015-06-30,Colombia,0.0,0.0,0.0,0.0,0.0,0.0,0.0,0.0,1.0,1.0,0.0,0.0,0.0,0.0,0.0,0.0,1.0,1.0,0.0,0.0
2015,FIFA Women's World Cup,2015-06-30,Ecuador,0.0,0.0,0.0,0.0,1.0,1.0,0.0,0.0,0.0,0.0,0.0,0.0,0.0,0.0,0.0,0.0,0.0,0.0,0.0,0.0
2015,FIFA Women's World Cup,2015-06-30,France,0.0,0.0,1.0,1.0,0.0,0.0,0.0,0.0,0.0,0.0,0.0,0.0,1.0,1.0,0.0,0.0,1.0,1.0,0.0,0.0
2015,FIFA Women's World Cup,2015-06-30,England,0.3949,0.0,0.0,0.0,0.0,0.0,1.0,1.0,0.0,0.0,0.0,0.0,1.0,1.0,1.0,1.0,1.0,1.0,0.09825,0.0
2015,FIFA Women's World Cup,2015-06-30,China,0.0,0.0,0.0,0.0,0.0,0.0,1.0,1.0,0.0,0.0,0.0,0.0,1.0,1.0,0.0,0.0,1.0,1.0,0.0,0.0
2015,FIFA Women's World Cup,2015-06-30,Australia,0.0,0.0,0.0,0.0,0.0,0.0,1.0,1.0,0.0,0.0,0.0,0.0,1.0,1.0,0.0,0.0,1.0,1.0,0.0,0.0
2015,FIFA Women's World Cup,2015-06-30,Thailand,0.0,0.0,0.0,0.0,0.0,0.0,0.0,0.0,0.0,0.0,1.0,1.0,0.0,0.0,0.0,0.0,0.0,0.0,0.0,0.0
2015,FIFA Women's World Cup,2015-06-30,New Zealand,0.0,0.0,0.0,0.0,1.0,1.0,0.0,0.0,0.0,0.0,0.0,0.0,0.0,0.0,0.0,0.0,0.0,0.0,0.0,0.0
2015,FIFA Women's World Cup,2015-06-30,Japan,0.6051,1.0,1.0,1.0,0.0,0.0,0.0,0.0,0.0,0.0,0.0,0.0,1.0,1.0,1.0,1.0,1.0,1.0,0.20295,0.0
2015,FIFA Women's World Cup,2015-06-30,Norway,0.0,0.0,0.0,0.0,0.0,0.0,1.0,1.0,0.0,0.0,0.0,0.0,0.0,0.0,0.0,0.0,1.0,1.0,0.0,0.0
2015,FIFA Women's World Cup,2015-06-30,Mexico,0.0,0.0,0.0,0.0,1.0,1.0,0.0,0.0,0.0,0.0,0.0,0.0,0.0,0.0,0.0,0.0,0.0,0.0,0.0,0.0
2015,FIFA Women's World Cup,2015-06-30,Brazil,0.0,0.0,1.0,1.0,0.0,0.0,0.0,0.0,0.0,0.0,0.0,0.0,0.0,0.0,0.0,0.0,1.0,1.0,0.0,0.0
2015,FIFA Women's World Cup,2015-06-30,Canada,0.0,0.0,1.0,1.0,0.0,0.0,0.0,0.0,0.0,0.0,0.0,0.0,1.0,1.0,0.0,0.0,1.0,1.0,0.0,0.0
2015,FIFA Women's World Cup,2015-06-27,Switzerland,0.0,0.0,0.0,0.0,0.0,0.0,0.0,0.0,1.0,1.0,0.0,0.0,0.0,0.0,0.0,0.0,1.0,1.0,0.0,0.0
2015,FIFA Women's World Cup,2015-06-27,Nigeria,0.0,0.0,0.0,0.0,1.0,1.0,0.0,0.0,0.0,0.0,0.0,0.0,0.0,0.0,0.0,0.0,0.0,0.0,0.0,0.0
2015,FIFA Women's World Cup,2015-06-27,USA,0.43485,1.0,1.0,1.0,0.0,0.0,0.0,0.0,0.0,0.0,0.0,0.0,1.0,1.0,1.0,1.0,1.0,1.0,0.3043,1.0
2015,FIFA Women's World Cup,2015-06-27,Netherlands,0.0,0.0,0.0,0.0,0.0,0.0,0.0,0.0,1.0,1.0,0.0,0.0,0.0,0.0,0.0,0.0,1.0,1.0,0.0,0.0
2015,FIFA Women's World Cup,2015-06-27,Sweden,0.0,0.0,0.0,0.0,0.0,0.0,0.0,0.0,1.0,1.0,0.0,0.0,0.0,0.0,0.0,0.0,1.0,1.0,0.0,0.0
2015,FIFA Women's World Cup,2015-06-27,Costa Rica,0.0,0.0,0.0,0.0,0.0,0.0,0.0,0.0,0.0,0.0,1.0,1.0,0.0,0.0,0.0,0.0,0.0,0.0,0.0,0.0
2015,FIFA Women's World Cup,2015-06-27,Ivory Coast,0.0,0.0,0.0,0.0,1.0,1.0,0.0,0.0,0.0,0.0,0.0,0.0,0.0,0.0,0.0,0.0,0.0,0.0,0.0,0.0
2015,FIFA Women's World Cup,2015-06-27,South Korea,0.0,0.0,0.0,0.0,0.0,0.0,1.0,1.0,0.0,0.0,0.0,0.0,0.0,0.0,0.0,0.0,1.0,1.0,0.0,0.0
2015,FIFA Women's World Cup,2015-06-27,Cameroon,0.0,0.0,0.0,0.0,0.0,0.0,1.0,1.0,0.0,0.0,0.0,0.0,0.0,0.0,0.0,0.0,1.0,1.0,0.0,0.0
2015,FIFA Women's World Cup,2015-06-27,Germany,0.56515,0.0,1.0,1.0,0.0,0.0,0.0,0.0,0.0,0.0,0.0,0.0,1.0,1.0,1.0,1.0,1.0,1.0,0.4257,0.0
2015,FIFA Women's World Cup,2015-06-27,Spain,0.0,0.0,0.0,0.0,1.0,1.0,0.0,0.0,0.0,0.0,0.0,0.0,0.0,0.0,0.0,0.0,0.0,0.0,0.0,0.0
2015,FIFA Women's World Cup,2015-06-27,Colombia,0.0,0.0,0.0,0.0,0.0,0.0,0.0,0.0,1.0,1.0,0.0,0.0,0.0,0.0,0.0,0.0,1.0,1.0,0.0,0.0
2015,FIFA Women's World Cup,2015-06-27,Ecuador,0.0,0.0,0.0,0.0,1.0,1.0,0.0,0.0,0.0,0.0,0.0,0.0,0.0,0.0,0.0,0.0,0.0,0.0,0.0,0.0
2015,FIFA Women's World Cup,2015-06-27,France,0.0,0.0,1.0,1.0,0.0,0.0,0.0,0.0,0.0,0.0,0.0,0.0,1.0,1.0,0.0,0.0,1.0,1.0,0.0,0.0
2015,FIFA Women's World Cup,2015-06-27,England,0.39555,0.0,0.0,0.0,0.0,0.0,1.0,1.0,0.0,0.0,0.0,0.0,1.0,1.0,1.0,1.0,1.0,1.0,0.08755,0.0
2015,FIFA Women's World Cup,2015-06-27,China,0.0,0.0,0.0,0.0,0.0,0.0,1.0,1.0,0.0,0.0,0.0,0.0,1.0,1.0,0.0,0.0,1.0,1.0,0.0,0.0
2015,FIFA Women's World Cup,2015-06-27,Australia,0.0,0.0,0.0,0.0,0.0,0.0,1.0,1.0,0.0,0.0,0.0,0.0,1.0,1.0,0.0,0.0,1.0,1.0,0.0,0.0
2015,FIFA Women's World Cup,2015-06-27,Thailand,0.0,0.0,0.0,0.0,0.0,0.0,0.0,0.0,0.0,0.0,1.0,1.0,0.0,0.0,0.0,0.0,0.0,0.0,0.0,0.0
2015,FIFA Women's World Cup,2015-06-27,New Zealand,0.0,0.0,0.0,0.0,1.0,1.0,0.0,0.0,0.0,0.0,0.0,0.0,0.0,0.0,0.0,0.0,0.0,0.0,0.0,0.0
2015,FIFA Women's World Cup,2015-06-27,Japan,0.60445,1.0,1.0,1.0,0.0,0.0,0.0,0.0,0.0,0.0,0.0,0.0,1.0,1.0,1.0,1.0,1.0,1.0,0.18245,0.0
2015,FIFA Women's World Cup,2015-06-27,Norway,0.0,0.0,0.0,0.0,0.0,0.0,1.0,1.0,0.0,0.0,0.0,0.0,0.0,0.0,0.0,0.0,1.0,1.0,0.0,0.0
2015,FIFA Women's World Cup,2015-06-27,Mexico,0.0,0.0,0.0,0.0,1.0,1.0,0.0,0.0,0.0,0.0,0.0,0.0,0.0,0.0,0.0,0.0,0.0,0.0,0.0,0.0
2015,FIFA Women's World Cup,2015-06-27,Brazil,0.0,0.0,1.0,1.0,0.0,0.0,0.0,0.0,0.0,0.0,0.0,0.0,0.0,0.0,0.0,0.0,1.0,1.0,0.0,0.0
2015,FIFA Women's World Cup,2015-06-27,Canada,0.0,0.0,1.0,1.0,0.0,0.0,0.0,0.0,0.0,0.0,0.0,0.0,1.0,1.0,0.0,0.0,1.0,1.0,0.0,0.0
2015,FIFA Women's World Cup,2015-06-26,Switzerland,0.0,0.0,0.0,0.0,0.0,0.0,0.0,0.0,1.0,1.0,0.0,0.0,0.0,0.0,0.0,0.0,1.0,1.0,0.0,0.0
2015,FIFA Women's World Cup,2015-06-26,Nigeria,0.0,0.0,0.0,0.0,1.0,1.0,0.0,0.0,0.0,0.0,0.0,0.0,0.0,0.0,0.0,0.0,0.0,0.0,0.0,0.0
2015,FIFA Women's World Cup,2015-06-26,USA,0.43185,1.0,1.0,1.0,0.0,0.0,0.0,0.0,0.0,0.0,0.0,0.0,1.0,1.0,1.0,1.0,1.0,1.0,0.30105,1.0
2015,FIFA Women's World Cup,2015-06-26,Netherlands,0.0,0.0,0.0,0.0,0.0,0.0,0.0,0.0,1.0,1.0,0.0,0.0,0.0,0.0,0.0,0.0,1.0,1.0,0.0,0.0
2015,FIFA Women's World Cup,2015-06-26,Sweden,0.0,0.0,0.0,0.0,0.0,0.0,0.0,0.0,1.0,1.0,0.0,0.0,0.0,0.0,0.0,0.0,1.0,1.0,0.0,0.0
2015,FIFA Women's World Cup,2015-06-26,Costa Rica,0.0,0.0,0.0,0.0,0.0,0.0,0.0,0.0,0.0,0.0,1.0,1.0,0.0,0.0,0.0,0.0,0.0,0.0,0.0,0.0
2015,FIFA Women's World Cup,2015-06-26,Ivory Coast,0.0,0.0,0.0,0.0,1.0,1.0,0.0,0.0,0.0,0.0,0.0,0.0,0.0,0.0,0.0,0.0,0.0,0.0,0.0,0.0
2015,FIFA Women's World Cup,2015-06-26,South Korea,0.0,0.0,0.0,0.0,0.0,0.0,1.0,1.0,0.0,0.0,0.0,0.0,0.0,0.0,0.0,0.0,1.0,1.0,0.0,0.0
2015,FIFA Women's World Cup,2015-06-26,Cameroon,0.0,0.0,0.0,0.0,0.0,0.0,1.0,1.0,0.0,0.0,0.0,0.0,0.0,0.0,0.0,0.0,1.0,1.0,0.0,0.0
2015,FIFA Women's World Cup,2015-06-26,Germany,0.56815,0.0,1.0,1.0,0.0,0.0,0.0,0.0,0.0,0.0,0.0,0.0,1.0,1.0,1.0,1.0,1.0,1.0,0.42805,0.0
2015,FIFA Women's World Cup,2015-06-26,Spain,0.0,0.0,0.0,0.0,1.0,1.0,0.0,0.0,0.0,0.0,0.0,0.0,0.0,0.0,0.0,0.0,0.0,0.0,0.0,0.0
2015,FIFA Women's World Cup,2015-06-26,Colombia,0.0,0.0,0.0,0.0,0.0,0.0,0.0,0.0,1.0,1.0,0.0,0.0,0.0,0.0,0.0,0.0,1.0,1.0,0.0,0.0
2015,FIFA Women's World Cup,2015-06-26,Ecuador,0.0,0.0,0.0,0.0,1.0,1.0,0.0,0.0,0.0,0.0,0.0,0.0,0.0,0.0,0.0,0.0,0.0,0.0,0.0,0.0
2015,FIFA Women's World Cup,2015-06-26,France,0.0,0.0,1.0,1.0,0.0,0.0,0.0,0.0,0.0,0.0,0.0,0.0,1.0,1.0,0.0,0.0,1.0,1.0,0.0,0.0
2015,FIFA Women's World Cup,2015-06-26,England,0.18875,0.0,0.0,0.0,0.0,0.0,1.0,1.0,0.0,0.0,0.0,0.0,1.0,1.0,0.4376,1.0,1.0,1.0,0.04175,0.0
2015,FIFA Women's World Cup,2015-06-26,China,0.0,0.0,0.0,0.0,0.0,0.0,1.0,1.0,0.0,0.0,0.0,0.0,1.0,1.0,0.0,0.0,1.0,1.0,0.0,0.0
2015,FIFA Women's World Cup,2015-06-26,Australia,0.1712,0.0,0.0,0.0,0.0,0.0,1.0,1.0,0.0,0.0,0.0,0.0,1.0,1.0,0.37325,0.0,1.0,1.0,0.039,0.0
2015,FIFA Women's World Cup,2015-06-26,Thailand,0.0,0.0,0.0,0.0,0.0,0.0,0.0,0.0,0.0,0.0,1.0,1.0,0.0,0.0,0.0,0.0,0.0,0.0,0.0,0.0
2015,FIFA Women's World Cup,2015-06-26,New Zealand,0.0,0.0,0.0,0.0,1.0,1.0,0.0,0.0,0.0,0.0,0.0,0.0,0.0,0.0,0.0,0.0,0.0,0.0,0.0,0.0
2015,FIFA Women's World Cup,2015-06-26,Japan,0.3641,1.0,1.0,1.0,0.0,0.0,0.0,0.0,0.0,0.0,0.0,0.0,1.0,1.0,0.62675,1.0,1.0,1.0,0.1158,0.0
2015,FIFA Women's World Cup,2015-06-26,Norway,0.0,0.0,0.0,0.0,0.0,0.0,1.0,1.0,0.0,0.0,0.0,0.0,0.0,0.0,0.0,0.0,1.0,1.0,0.0,0.0
2015,FIFA Women's World Cup,2015-06-26,Mexico,0.0,0.0,0.0,0.0,1.0,1.0,0.0,0.0,0.0,0.0,0.0,0.0,0.0,0.0,0.0,0.0,0.0,0.0,0.0,0.0
2015,FIFA Women's World Cup,2015-06-26,Brazil,0.0,0.0,1.0,1.0,0.0,0.0,0.0,0.0,0.0,0.0,0.0,0.0,0.0,0.0,0.0,0.0,1.0,1.0,0.0,0.0
2015,FIFA Women's World Cup,2015-06-26,Canada,0.27595,0.0,1.0,1.0,0.0,0.0,0.0,0.0,0.0,0.0,0.0,0.0,1.0,1.0,0.5624,0.0,1.0,1.0,0.07435,0.0
2015,FIFA Women's World Cup,2015-06-23,Switzerland,0.0,0.0,0.0,0.0,0.0,0.0,0.0,0.0,1.0,1.0,0.0,0.0,0.0,0.0,0.0,0.0,1.0,1.0,0.0,0.0
2015,FIFA Women's World Cup,2015-06-23,Nigeria,0.0,0.0,0.0,0.0,1.0,1.0,0.0,0.0,0.0,0.0,0.0,0.0,0.0,0.0,0.0,0.0,0.0,0.0,0.0,0.0
2015,FIFA Women's World Cup,2015-06-23,USA,0.4397,1.0,1.0,1.0,0.0,0.0,0.0,0.0,0.0,0.0,0.0,0.0,1.0,1.0,0.87945,1.0,1.0,1.0,0.3122,1.0
2015,FIFA Women's World Cup,2015-06-23,Netherlands,0.0,0.0,0.0,0.0,0.0,0.0,0.0,0.0,1.0,1.0,0.0,0.0,0.0,0.0,0.0,0.0,1.0,1.0,0.0,0.0
2015,FIFA Women's World Cup,2015-06-23,Sweden,0.0,0.0,0.0,0.0,0.0,0.0,0.0,0.0,1.0,1.0,0.0,0.0,0.0,0.0,0.0,0.0,1.0,1.0,0.0,0.0
2015,FIFA Women's World Cup,2015-06-23,Costa Rica,0.0,0.0,0.0,0.0,0.0,0.0,0.0,0.0,0.0,0.0,1.0,1.0,0.0,0.0,0.0,0.0,0.0,0.0,0.0,0.0
2015,FIFA Women's World Cup,2015-06-23,Ivory Coast,0.0,0.0,0.0,0.0,1.0,1.0,0.0,0.0,0.0,0.0,0.0,0.0,0.0,0.0,0.0,0.0,0.0,0.0,0.0,0.0
2015,FIFA Women's World Cup,2015-06-23,South Korea,0.0,0.0,0.0,0.0,0.0,0.0,1.0,1.0,0.0,0.0,0.0,0.0,0.0,0.0,0.0,0.0,1.0,1.0,0.0,0.0
2015,FIFA Women's World Cup,2015-06-23,Cameroon,0.0,0.0,0.0,0.0,0.0,0.0,1.0,1.0,0.0,0.0,0.0,0.0,0.0,0.0,0.0,0.0,1.0,1.0,0.0,0.0
2015,FIFA Women's World Cup,2015-06-23,Germany,0.4313,0.0,1.0,1.0,0.0,0.0,0.0,0.0,0.0,0.0,0.0,0.0,1.0,1.0,0.71625,1.0,1.0,1.0,0.3287,0.0
2015,FIFA Women's World Cup,2015-06-23,Spain,0.0,0.0,0.0,0.0,1.0,1.0,0.0,0.0,0.0,0.0,0.0,0.0,0.0,0.0,0.0,0.0,0.0,0.0,0.0,0.0
2015,FIFA Women's World Cup,2015-06-23,Colombia,0.0,0.0,0.0,0.0,0.0,0.0,0.0,0.0,1.0,1.0,0.0,0.0,0.0,0.0,0.0,0.0,1.0,1.0,0.0,0.0
2015,FIFA Women's World Cup,2015-06-23,Ecuador,0.0,0.0,0.0,0.0,1.0,1.0,0.0,0.0,0.0,0.0,0.0,0.0,0.0,0.0,0.0,0.0,0.0,0.0,0.0,0.0
2015,FIFA Women's World Cup,2015-06-23,France,0.11235,0.0,1.0,1.0,0.0,0.0,0.0,0.0,0.0,0.0,0.0,0.0,1.0,1.0,0.28375,0.0,1.0,1.0,0.0631,0.0
2015,FIFA Women's World Cup,2015-06-23,England,0.1796,0.0,0.0,0.0,0.0,0.0,1.0,1.0,0.0,0.0,0.0,0.0,1.0,1.0,0.4231,1.0,1.0,1.0,0.0419,0.0
2015,FIFA Women's World Cup,2015-06-23,China,0.01665,0.0,0.0,0.0,0.0,0.0,1.0,1.0,0.0,0.0,0.0,0.0,1.0,1.0,0.12055,0.0,1.0,1.0,0.00445,0.0
2015,FIFA Women's World Cup,2015-06-23,Australia,0.17975,0.0,0.0,0.0,0.0,0.0,1.0,1.0,0.0,0.0,0.0,0.0,1.0,1.0,0.3805,0.0,1.0,1.0,0.04465,0.0
2015,FIFA Women's World Cup,2015-06-23,Thailand,0.0,0.0,0.0,0.0,0.0,0.0,0.0,0.0,0.0,0.0,1.0,1.0,0.0,0.0,0.0,0.0,0.0,0.0,0.0,0.0
2015,FIFA Women's World Cup,2015-06-23,New Zealand,0.0,0.0,0.0,0.0,1.0,1.0,0.0,0.0,0.0,0.0,0.0,0.0,0.0,0.0,0.0,0.0,0.0,0.0,0.0,0.0
2015,FIFA Women's World Cup,2015-06-23,Japan,0.3595,1.0,1.0,1.0,0.0,0.0,0.0,0.0,0.0,0.0,0.0,0.0,1.0,1.0,0.6195,1.0,1.0,1.0,0.1228,0.0
2015,FIFA Women's World Cup,2015-06-23,Norway,0.0,0.0,0.0,0.0,0.0,0.0,1.0,1.0,0.0,0.0,0.0,0.0,0.0,0.0,0.0,0.0,1.0,1.0,0.0,0.0
2015,FIFA Women's World Cup,2015-06-23,Mexico,0.0,0.0,0.0,0.0,1.0,1.0,0.0,0.0,0.0,0.0,0.0,0.0,0.0,0.0,0.0,0.0,0.0,0.0,0.0,0.0
2015,FIFA Women's World Cup,2015-06-23,Brazil,0.0,0.0,1.0,1.0,0.0,0.0,0.0,0.0,0.0,0.0,0.0,0.0,0.0,0.0,0.0,0.0,1.0,1.0,0.0,0.0
2015,FIFA Women's World Cup,2015-06-23,Canada,0.28115,0.0,1.0,1.0,0.0,0.0,0.0,0.0,0.0,0.0,0.0,0.0,1.0,1.0,0.5769,0.0,1.0,1.0,0.0822,0.0
2015,FIFA Women's World Cup,2015-06-22,Switzerland,0.0,0.0,0.0,0.0,0.0,0.0,0.0,0.0,1.0,1.0,0.0,0.0,0.0,0.0,0.0,0.0,1.0,1.0,0.0,0.0
2015,FIFA Women's World Cup,2015-06-22,Nigeria,0.0,0.0,0.0,0.0,1.0,1.0,0.0,0.0,0.0,0.0,0.0,0.0,0.0,0.0,0.0,0.0,0.0,0.0,0.0,0.0
2015,FIFA Women's World Cup,2015-06-22,USA,0.4346,1.0,1.0,1.0,0.0,0.0,0.0,0.0,0.0,0.0,0.0,0.0,1.0,1.0,0.87795,1.0,1.0,1.0,0.3193,1.0
2015,FIFA Women's World Cup,2015-06-22,Netherlands,0.04045,0.0,0.0,0.0,0.0,0.0,0.0,0.0,1.0,1.0,0.0,0.0,0.2641,0.0,0.1094,0.0,1.0,1.0,0.00675,0.0
2015,FIFA Women's World Cup,2015-06-22,Sweden,0.0,0.0,0.0,0.0,0.0,0.0,0.0,0.0,1.0,1.0,0.0,0.0,0.0,0.0,0.0,0.0,1.0,1.0,0.0,0.0
2015,FIFA Women's World Cup,2015-06-22,Costa Rica,0.0,0.0,0.0,0.0,0.0,0.0,0.0,0.0,0.0,0.0,1.0,1.0,0.0,0.0,0.0,0.0,0.0,0.0,0.0,0.0
2015,FIFA Women's World Cup,2015-06-22,Ivory Coast,0.0,0.0,0.0,0.0,1.0,1.0,0.0,0.0,0.0,0.0,0.0,0.0,0.0,0.0,0.0,0.0,0.0,0.0,0.0,0.0
2015,FIFA Women's World Cup,2015-06-22,South Korea,0.0,0.0,0.0,0.0,0.0,0.0,1.0,1.0,0.0,0.0,0.0,0.0,0.0,0.0,0.0,0.0,1.0,1.0,0.0,0.0
2015,FIFA Women's World Cup,2015-06-22,Cameroon,0.0,0.0,0.0,0.0,0.0,0.0,1.0,1.0,0.0,0.0,0.0,0.0,0.0,0.0,0.0,0.0,1.0,1.0,0.0,0.0
2015,FIFA Women's World Cup,2015-06-22,Germany,0.43255,0.0,1.0,1.0,0.0,0.0,0.0,0.0,0.0,0.0,0.0,0.0,1.0,1.0,0.71165,1.0,1.0,1.0,0.33945,0.0
2015,FIFA Women's World Cup,2015-06-22,Spain,0.0,0.0,0.0,0.0,1.0,1.0,0.0,0.0,0.0,0.0,0.0,0.0,0.0,0.0,0.0,0.0,0.0,0.0,0.0,0.0
2015,FIFA Women's World Cup,2015-06-22,Colombia,0.0,0.0,0.0,0.0,0.0,0.0,0.0,0.0,1.0,1.0,0.0,0.0,0.0,0.0,0.0,0.0,1.0,1.0,0.0,0.0
2015,FIFA Women's World Cup,2015-06-22,Ecuador,0.0,0.0,0.0,0.0,1.0,1.0,0.0,0.0,0.0,0.0,0.0,0.0,0.0,0.0,0.0,0.0,0.0,0.0,0.0,0.0
2015,FIFA Women's World Cup,2015-06-22,France,0.11615,0.0,1.0,1.0,0.0,0.0,0.0,0.0,0.0,0.0,0.0,0.0,1.0,1.0,0.28835,0.0,1.0,1.0,0.06785,0.0
2015,FIFA Women's World Cup,2015-06-22,England,0.1955,0.0,0.0,0.0,0.0,0.0,1.0,1.0,0.0,0.0,0.0,0.0,1.0,1.0,0.428,1.0,1.0,1.0,0.04395,0.0
2015,FIFA Women's World Cup,2015-06-22,China,0.0167,0.0,0.0,0.0,0.0,0.0,1.0,1.0,0.0,0.0,0.0,0.0,1.0,1.0,0.12205,0.0,1.0,1.0,0.006,0.0
2015,FIFA Women's World Cup,2015-06-22,Australia,0.1954,0.0,0.0,0.0,0.0,0.0,1.0,1.0,0.0,0.0,0.0,0.0,1.0,1.0,0.4257,0.0,1.0,1.0,0.0454,0.0
2015,FIFA Women's World Cup,2015-06-22,Thailand,0.0,0.0,0.0,0.0,0.0,0.0,0.0,0.0,0.0,0.0,1.0,1.0,0.0,0.0,0.0,0.0,0.0,0.0,0.0,0.0
2015,FIFA Women's World Cup,2015-06-22,New Zealand,0.0,0.0,0.0,0.0,1.0,1.0,0.0,0.0,0.0,0.0,0.0,0.0,0.0,0.0,0.0,0.0,0.0,0.0,0.0,0.0
2015,FIFA Women's World Cup,2015-06-22,Japan,0.27,1.0,1.0,1.0,0.0,0.0,0.0,0.0,0.0,0.0,0.0,0.0,0.7359,1.0,0.4649,1.0,1.0,1.0,0.0884,0.0
2015,FIFA Women's World Cup,2015-06-22,Norway,0.0,0.0,0.0,0.0,0.0,0.0,1.0,1.0,0.0,0.0,0.0,0.0,0.0,0.0,0.0,0.0,1.0,1.0,0.0,0.0
2015,FIFA Women's World Cup,2015-06-22,Mexico,0.0,0.0,0.0,0.0,1.0,1.0,0.0,0.0,0.0,0.0,0.0,0.0,0.0,0.0,0.0,0.0,0.0,0.0,0.0,0.0
2015,FIFA Women's World Cup,2015-06-22,Brazil,0.0,0.0,1.0,1.0,0.0,0.0,0.0,0.0,0.0,0.0,0.0,0.0,0.0,0.0,0.0,0.0,1.0,1.0,0.0,0.0
2015,FIFA Women's World Cup,2015-06-22,Canada,0.29865,0.0,1.0,1.0,0.0,0.0,0.0,0.0,0.0,0.0,0.0,0.0,1.0,1.0,0.572,0.0,1.0,1.0,0.0829,0.0
2015,FIFA Women's World Cup,2015-06-21,Switzerland,0.0,0.0,0.0,0.0,0.0,0.0,0.0,0.0,1.0,1.0,0.0,0.0,0.0,0.0,0.0,0.0,1.0,1.0,0.0,0.0
2015,FIFA Women's World Cup,2015-06-21,Nigeria,0.0,0.0,0.0,0.0,1.0,1.0,0.0,0.0,0.0,0.0,0.0,0.0,0.0,0.0,0.0,0.0,0.0,0.0,0.0,0.0
2015,FIFA Women's World Cup,2015-06-21,USA,0.4152,1.0,1.0,1.0,0.0,0.0,0.0,0.0,0.0,0.0,0.0,0.0,0.95405,1.0,0.8391,1.0,1.0,1.0,0.30005,1.0
2015,FIFA Women's World Cup,2015-06-21,Netherlands,0.04025,0.0,0.0,0.0,0.0,0.0,0.0,0.0,1.0,1.0,0.0,0.0,0.26815,0.0,0.108,0.0,1.0,1.0,0.00715,0.0
2015,FIFA Women's World Cup,2015-06-21,Sweden,0.0,0.0,0.0,0.0,0.0,0.0,0.0,0.0,1.0,1.0,0.0,0.0,0.0,0.0,0.0,0.0,1.0,1.0,0.0,0.0
2015,FIFA Women's World Cup,2015-06-21,Costa Rica,0.0,0.0,0.0,0.0,0.0,0.0,0.0,0.0,0.0,0.0,1.0,1.0,0.0,0.0,0.0,0.0,0.0,0.0,0.0,0.0
2015,FIFA Women's World Cup,2015-06-21,Ivory Coast,0.0,0.0,0.0,0.0,1.0,1.0,0.0,0.0,0.0,0.0,0.0,0.0,0.0,0.0,0.0,0.0,0.0,0.0,0.0,0.0
2015,FIFA Women's World Cup,2015-06-21,South Korea,0.0,0.0,0.0,0.0,0.0,0.0,1.0,1.0,0.0,0.0,0.0,0.0,0.0,0.0,0.0,0.0,1.0,1.0,0.0,0.0
2015,FIFA Women's World Cup,2015-06-21,Cameroon,0.0,0.0,0.0,0.0,0.0,0.0,1.0,1.0,0.0,0.0,0.0,0.0,0.0,0.0,0.0,0.0,1.0,1.0,0.0,0.0
2015,FIFA Women's World Cup,2015-06-21,Germany,0.44735,0.0,1.0,1.0,0.0,0.0,0.0,0.0,0.0,0.0,0.0,0.0,1.0,1.0,0.719,1.0,1.0,1.0,0.3497,0.0
2015,FIFA Women's World Cup,2015-06-21,Spain,0.0,0.0,0.0,0.0,1.0,1.0,0.0,0.0,0.0,0.0,0.0,0.0,0.0,0.0,0.0,0.0,0.0,0.0,0.0,0.0
2015,FIFA Women's World Cup,2015-06-21,Colombia,0.00105,0.0,0.0,0.0,0.0,0.0,0.0,0.0,1.0,1.0,0.0,0.0,0.04595,0.0,0.01675,0.0,1.0,1.0,0.0002,0.0
2015,FIFA Women's World Cup,2015-06-21,Ecuador,0.0,0.0,0.0,0.0,1.0,1.0,0.0,0.0,0.0,0.0,0.0,0.0,0.0,0.0,0.0,0.0,0.0,0.0,0.0,0.0
2015,FIFA Women's World Cup,2015-06-21,France,0.11585,0.0,1.0,1.0,0.0,0.0,0.0,0.0,0.0,0.0,0.0,0.0,1.0,1.0,0.281,0.0,1.0,1.0,0.0685,0.0
2015,FIFA Women's World Cup,2015-06-21,England,0.1044,0.0,0.0,0.0,0.0,0.0,1.0,1.0,0.0,0.0,0.0,0.0,0.5088,1.0,0.21815,1.0,1.0,1.0,0.0244,0.0
2015,FIFA Women's World Cup,2015-06-21,China,0.02055,0.0,0.0,0.0,0.0,0.0,1.0,1.0,0.0,0.0,0.0,0.0,1.0,1.0,0.14415,0.0,1.0,1.0,0.00675,0.0
2015,FIFA Women's World Cup,2015-06-21,Australia,0.19865,0.0,0.0,0.0,0.0,0.0,1.0,1.0,0.0,0.0,0.0,0.0,1.0,1.0,0.43055,0.0,1.0,1.0,0.0477,0.0
2015,FIFA Women's World Cup,2015-06-21,Thailand,0.0,0.0,0.0,0.0,0.0,0.0,0.0,0.0,0.0,0.0,1.0,1.0,0.0,0.0,0.0,0.0,0.0,0.0,0.0,0.0
2015,FIFA Women's World Cup,2015-06-21,New Zealand,0.0,0.0,0.0,0.0,1.0,1.0,0.0,0.0,0.0,0.0,0.0,0.0,0.0,0.0,0.0,0.0,0.0,0.0,0.0,0.0
2015,FIFA Women's World Cup,2015-06-21,Japan,0.26835,1.0,1.0,1.0,0.0,0.0,0.0,0.0,0.0,0.0,0.0,0.0,0.73185,1.0,0.46145,1.0,1.0,1.0,0.09075,0.0
2015,FIFA Women's World Cup,2015-06-21,Norway,0.09035,0.0,0.0,0.0,0.0,0.0,1.0,1.0,0.0,0.0,0.0,0.0,0.4912,0.0,0.20445,0.0,1.0,1.0,0.0203,0.0
2015,FIFA Women's World Cup,2015-06-21,Mexico,0.0,0.0,0.0,0.0,1.0,1.0,0.0,0.0,0.0,0.0,0.0,0.0,0.0,0.0,0.0,0.0,0.0,0.0,0.0,0.0
2015,FIFA Women's World Cup,2015-06-21,Brazil,0.0,0.0,1.0,1.0,0.0,0.0,0.0,0.0,0.0,0.0,0.0,0.0,0.0,0.0,0.0,0.0,1.0,1.0,0.0,0.0
2015,FIFA Women's World Cup,2015-06-21,Canada,0.298,0.0,1.0,1.0,0.0,0.0,0.0,0.0,0.0,0.0,0.0,0.0,1.0,1.0,0.5774,0.0,1.0,1.0,0.0845,0.0
2015,FIFA Women's World Cup,2015-06-20,Switzerland,0.0211,0.0,0.0,0.0,0.0,0.0,0.0,0.0,1.0,1.0,0.0,0.0,0.2459,0.0,0.08095,0.0,1.0,1.0,0.00265,0.0
2015,FIFA Women's World Cup,2015-06-20,Nigeria,0.0,0.0,0.0,0.0,1.0,1.0,0.0,0.0,0.0,0.0,0.0,0.0,0.0,0.0,0.0,0.0,0.0,0.0,0.0,0.0
2015,FIFA Women's World Cup,2015-06-20,USA,0.4045,1.0,1.0,1.0,0.0,0.0,0.0,0.0,0.0,0.0,0.0,0.0,0.9504,1.0,0.8324,1.0,1.0,1.0,0.2923,1.0
2015,FIFA Women's World Cup,2015-06-20,Netherlands,0.0375,0.0,0.0,0.0,0.0,0.0,0.0,0.0,1.0,1.0,0.0,0.0,0.26735,0.0,0.09105,0.0,1.0,1.0,0.0066,0.0
2015,FIFA Women's World Cup,2015-06-20,Sweden,0.0,0.0,0.0,0.0,0.0,0.0,0.0,0.0,1.0,1.0,0.0,0.0,0.0,0.0,0.0,0.0,1.0,1.0,0.0,0.0
2015,FIFA Women's World Cup,2015-06-20,Costa Rica,0.0,0.0,0.0,0.0,0.0,0.0,0.0,0.0,0.0,0.0,1.0,1.0,0.0,0.0,0.0,0.0,0.0,0.0,0.0,0.0
2015,FIFA Women's World Cup,2015-06-20,Ivory Coast,0.0,0.0,0.0,0.0,1.0,1.0,0.0,0.0,0.0,0.0,0.0,0.0,0.0,0.0,0.0,0.0,0.0,0.0,0.0,0.0
2015,FIFA Women's World Cup,2015-06-20,South Korea,0.00305,0.0,0.0,0.0,0.0,0.0,1.0,1.0,0.0,0.0,0.0,0.0,0.20195,0.0,0.01605,0.0,1.0,1.0,0.00075,0.0
2015,FIFA Women's World Cup,2015-06-20,Cameroon,0.0,0.0,0.0,0.0,0.0,0.0,1.0,1.0,0.0,0.0,0.0,0.0,0.0,0.0,0.0,0.0,1.0,1.0,0.0,0.0
2015,FIFA Women's World Cup,2015-06-20,Germany,0.47885,0.0,1.0,1.0,0.0,0.0,0.0,0.0,0.0,0.0,0.0,0.0,1.0,1.0,0.76455,1.0,1.0,1.0,0.36745,0.0
2015,FIFA Women's World Cup,2015-06-20,Spain,0.0,0.0,0.0,0.0,1.0,1.0,0.0,0.0,0.0,0.0,0.0,0.0,0.0,0.0,0.0,0.0,0.0,0.0,0.0,0.0
2015,FIFA Women's World Cup,2015-06-20,Colombia,0.00135,0.0,0.0,0.0,0.0,0.0,0.0,0.0,1.0,1.0,0.0,0.0,0.0496,0.0,0.0191,0.0,1.0,1.0,0.00035,0.0
2015,FIFA Women's World Cup,2015-06-20,Ecuador,0.0,0.0,0.0,0.0,1.0,1.0,0.0,0.0,0.0,0.0,0.0,0.0,0.0,0.0,0.0,0.0,0.0,0.0,0.0,0.0
2015,FIFA Women's World Cup,2015-06-20,France,0.0943,0.0,1.0,1.0,0.0,0.0,0.0,0.0,0.0,0.0,0.0,0.0,0.79805,1.0,0.2194,0.0,1.0,1.0,0.05335,0.0
2015,FIFA Women's World Cup,2015-06-20,England,0.09765,0.0,0.0,0.0,0.0,0.0,1.0,1.0,0.0,0.0,0.0,0.0,0.50995,1.0,0.24265,1.0,1.0,1.0,0.02265,0.0
2015,FIFA Women's World Cup,2015-06-20,China,0.01795,0.0,0.0,0.0,0.0,0.0,1.0,1.0,0.0,0.0,0.0,0.0,1.0,1.0,0.1485,0.0,1.0,1.0,0.00545,0.0
2015,FIFA Women's World Cup,2015-06-20,Australia,0.08335,0.0,0.0,0.0,0.0,0.0,1.0,1.0,0.0,0.0,0.0,0.0,0.3806,1.0,0.1657,0.0,1.0,1.0,0.01935,0.0
2015,FIFA Women's World Cup,2015-06-20,Thailand,0.0,0.0,0.0,0.0,0.0,0.0,0.0,0.0,0.0,0.0,1.0,1.0,0.0,0.0,0.0,0.0,0.0,0.0,0.0,0.0
2015,FIFA Women's World Cup,2015-06-20,New Zealand,0.0,0.0,0.0,0.0,1.0,1.0,0.0,0.0,0.0,0.0,0.0,0.0,0.0,0.0,0.0,0.0,0.0,0.0,0.0,0.0
2015,FIFA Women's World Cup,2015-06-20,Japan,0.2437,1.0,1.0,1.0,0.0,0.0,0.0,0.0,0.0,0.0,0.0,0.0,0.73265,1.0,0.40375,1.0,1.0,1.0,0.0785,0.0
2015,FIFA Women's World Cup,2015-06-20,Norway,0.096,0.0,0.0,0.0,0.0,0.0,1.0,1.0,0.0,0.0,0.0,0.0,0.49005,0.0,0.23345,0.0,1.0,1.0,0.02155,0.0
2015,FIFA Women's World Cup,2015-06-20,Mexico,0.0,0.0,0.0,0.0,1.0,1.0,0.0,0.0,0.0,0.0,0.0,0.0,0.0,0.0,0.0,0.0,0.0,0.0,0.0,0.0
2015,FIFA Women's World Cup,2015-06-20,Brazil,0.20305,0.0,1.0,1.0,0.0,0.0,0.0,0.0,0.0,0.0,0.0,0.0,0.6194,0.0,0.3395,0.0,1.0,1.0,0.0673,0.0
2015,FIFA Women's World Cup,2015-06-20,Canada,0.21765,0.0,1.0,1.0,0.0,0.0,0.0,0.0,0.0,0.0,0.0,0.0,0.7541,1.0,0.44295,0.0,1.0,1.0,0.06175,0.0
2015,FIFA Women's World Cup,2015-06-17,Switzerland,0.0217,0.0,0.0,0.0,0.0,0.0,0.0,0.0,1.0,1.0,0.0,0.0,0.24945,0.0,0.0837,0.0,1.0,1.0,0.0039,0.0
2015,FIFA Women's World Cup,2015-06-17,Nigeria,0.0,0.0,0.0,0.0,1.0,1.0,0.0,0.0,0.0,0.0,0.0,0.0,0.0,0.0,0.0,0.0,0.0,0.0,0.0,0.0
2015,FIFA Women's World Cup,2015-06-17,USA,0.46705,1.0,1.0,1.0,0.0,0.0,0.0,0.0,0.0,0.0,0.0,0.0,0.95115,1.0,0.85055,1.0,1.0,1.0,0.32815,1.0
2015,FIFA Women's World Cup,2015-06-17,Netherlands,0.03475,0.0,0.0,0.0,0.0,0.0,0.0,0.0,1.0,1.0,0.0,0.0,0.2708,0.0,0.08705,0.0,1.0,1.0,0.00675,0.0
2015,FIFA Women's World Cup,2015-06-17,Sweden,0.0521,0.0,0.0,0.0,0.0,0.0,0.0,0.0,1.0,1.0,0.0,0.0,0.25925,0.0,0.1363,0.0,1.0,1.0,0.02795,0.0
2015,FIFA Women's World Cup,2015-06-17,Costa Rica,0.0,0.0,0.0,0.0,0.0,0.0,0.0,0.0,0.0,0.0,1.0,1.0,0.0,0.0,0.0,0.0,0.0,0.0,0.0,0.0
2015,FIFA Women's World Cup,2015-06-17,Ivory Coast,0.0,0.0,0.0,0.0,1.0,1.0,0.0,0.0,0.0,0.0,0.0,0.0,0.0,0.0,0.0,0.0,0.0,0.0,0.0,0.0
2015,FIFA Women's World Cup,2015-06-17,South Korea,0.00445,0.0,0.0,0.0,0.0,0.0,1.0,1.0,0.0,0.0,0.0,0.0,0.2002,0.0,0.0233,0.0,1.0,1.0,0.00125,0.0
2015,FIFA Women's World Cup,2015-06-17,Cameroon,0.00415,0.0,0.0,0.0,0.0,0.0,1.0,1.0,0.0,0.0,0.0,0.0,0.3827,0.0,0.03825,0.0,1.0,1.0,0.0014,0.0
2015,FIFA Women's World Cup,2015-06-17,Germany,0.3352,0.0,1.0,1.0,0.0,0.0,0.0,0.0,0.0,0.0,0.0,0.0,0.74075,1.0,0.55435,1.0,1.0,1.0,0.2533,0.0
2015,FIFA Women's World Cup,2015-06-17,Spain,0.0,0.0,0.0,0.0,1.0,1.0,0.0,0.0,0.0,0.0,0.0,0.0,0.0,0.0,0.0,0.0,0.0,0.0,0.0,0.0
2015,FIFA Women's World Cup,2015-06-17,Colombia,0.0025,0.0,0.0,0.0,0.0,0.0,0.0,0.0,1.0,1.0,0.0,0.0,0.04885,0.0,0.02075,0.0,1.0,1.0,0.00085,0.0
2015,FIFA Women's World Cup,2015-06-17,Ecuador,0.0,0.0,0.0,0.0,1.0,1.0,0.0,0.0,0.0,0.0,0.0,0.0,0.0,0.0,0.0,0.0,0.0,0.0,0.0,0.0
2015,FIFA Women's World Cup,2015-06-17,France,0.1192,0.0,1.0,1.0,0.0,0.0,0.0,0.0,0.0,0.0,0.0,0.0,0.7998,1.0,0.28605,0.0,1.0,1.0,0.0673,0.0
2015,FIFA Women's World Cup,2015-06-17,England,0.1037,0.0,0.0,0.0,0.0,0.0,1.0,1.0,0.0,0.0,0.0,0.0,0.50365,1.0,0.2458,1.0,1.0,1.0,0.02545,0.0
2015,FIFA Women's World Cup,2015-06-17,China,0.01535,0.0,0.0,0.0,0.0,0.0,1.0,1.0,0.0,0.0,0.0,0.0,0.6173,1.0,0.09045,0.0,1.0,1.0,0.00435,0.0
2015,FIFA Women's World Cup,2015-06-17,Australia,0.0848,0.0,0.0,0.0,0.0,0.0,1.0,1.0,0.0,0.0,0.0,0.0,0.3835,1.0,0.17205,0.0,1.0,1.0,0.0245,0.0
2015,FIFA Women's World Cup,2015-06-17,Thailand,0.0,0.0,0.0,0.0,0.0,0.0,0.0,0.0,0.0,0.0,1.0,1.0,0.0,0.0,0.0,0.0,0.0,0.0,0.0,0.0
2015,FIFA Women's World Cup,2015-06-17,New Zealand,0.0,0.0,0.0,0.0,1.0,1.0,0.0,0.0,0.0,0.0,0.0,0.0,0.0,0.0,0.0,0.0,0.0,0.0,0.0,0.0
2015,FIFA Women's World Cup,2015-06-17,Japan,0.24175,1.0,1.0,1.0,0.0,0.0,0.0,0.0,0.0,0.0,0.0,0.0,0.7292,1.0,0.40055,1.0,1.0,1.0,0.0861,0.0
2015,FIFA Women's World Cup,2015-06-17,Norway,0.09545,0.0,0.0,0.0,0.0,0.0,1.0,1.0,0.0,0.0,0.0,0.0,0.49635,0.0,0.2323,0.0,1.0,1.0,0.026,0.0
2015,FIFA Women's World Cup,2015-06-17,Mexico,0.0,0.0,0.0,0.0,1.0,1.0,0.0,0.0,0.0,0.0,0.0,0.0,0.0,0.0,0.0,0.0,0.0,0.0,0.0,0.0
2015,FIFA Women's World Cup,2015-06-17,Brazil,0.20535,0.0,1.0,1.0,0.0,0.0,0.0,0.0,0.0,0.0,0.0,0.0,0.6165,0.0,0.34035,0.0,1.0,1.0,0.07445,0.0
2015,FIFA Women's World Cup,2015-06-17,Canada,0.2125,0.0,1.0,1.0,0.0,0.0,0.0,0.0,0.0,0.0,0.0,0.0,0.75055,1.0,0.4382,0.0,1.0,1.0,0.0683,0.0
2015,FIFA Women's World Cup,2015-06-16,Switzerland,0.0234,0.0,0.0,0.0,0.0,0.0,0.0,0.0,1.0,1.0,0.0,0.0,0.24375,0.0,0.08195,0.0,1.0,1.0,0.0039,0.0
2015,FIFA Women's World Cup,2015-06-16,Nigeria,0.0,0.0,0.0,0.0,1.0,1.0,0.0,0.0,0.0,0.0,0.0,0.0,0.0,0.0,0.0,0.0,0.0,0.0,0.0,0.0
2015,FIFA Women's World Cup,2015-06-16,USA,0.43765,1.0,1.0,1.0,0.0,0.0,0.0,0.0,0.0,0.0,0.0,0.0,0.876,1.0,0.78945,1.0,1.0,1.0,0.30305,1.0
2015,FIFA Women's World Cup,2015-06-16,Netherlands,0.0307,0.0,0.0,0.0,0.0,0.0,0.0,0.0,1.0,1.0,0.0,0.0,0.2668,0.0,0.0849,0.0,1.0,1.0,0.006,0.0
2015,FIFA Women's World Cup,2015-06-16,Sweden,0.0595,0.0,0.0,0.0,0.0,0.0,0.0,0.0,0.95565,1.0,0.04435,0.0,0.2424,0.0,0.15585,0.0,0.95565,1.0,0.03145,0.0
2015,FIFA Women's World Cup,2015-06-16,Costa Rica,5.0e-05,0.0,0.0,0.0,0.12775,0.0,0.105,0.0,0.03595,0.0,0.7313,1.0,0.01775,0.0,0.00115,0.0,0.14095,0.0,0.0,0.0
2015,FIFA Women's World Cup,2015-06-16,Ivory Coast,0.0,0.0,0.0,0.0,1.0,1.0,0.0,0.0,0.0,0.0,0.0,0.0,0.0,0.0,0.0,0.0,0.0,0.0,0.0,0.0
2015,FIFA Women's World Cup,2015-06-16,South Korea,0.0038,0.0,0.0,0.0,0.50465,0.0,0.35475,1.0,0.01285,0.0,0.12775,0.0,0.1249,0.0,0.017,0.0,0.3676,1.0,0.00095,0.0
2015,FIFA Women's World Cup,2015-06-16,Cameroon,0.0063,0.0,0.0,0.0,0.0,0.0,1.0,1.0,0.0,0.0,0.0,0.0,0.3918,0.0,0.0424,0.0,1.0,1.0,0.0016,0.0
2015,FIFA Women's World Cup,2015-06-16,Germany,0.38845,0.0,1.0,1.0,0.0,0.0,0.0,0.0,0.0,0.0,0.0,0.0,0.75205,1.0,0.6306,1.0,1.0,1.0,0.29105,0.0
2015,FIFA Women's World Cup,2015-06-16,Spain,0.0056,0.0,0.0,0.0,0.3676,1.0,0.54025,0.0,0.0127,0.0,0.07945,0.0,0.19175,0.0,0.02555,0.0,0.55295,0.0,0.0019,0.0
2015,FIFA Women's World Cup,2015-06-16,Colombia,0.0056,0.0,0.2158,0.0,0.0,0.0,0.2663,0.0,0.5179,1.0,0.0,0.0,0.1835,0.0,0.03345,0.0,1.0,1.0,0.00075,0.0
2015,FIFA Women's World Cup,2015-06-16,Ecuador,0.0,0.0,0.0,0.0,1.0,1.0,0.0,0.0,0.0,0.0,0.0,0.0,0.0,0.0,0.0,0.0,0.0,0.0,0.0,0.0
2015,FIFA Women's World Cup,2015-06-16,France,0.1391,0.0,0.27435,1.0,0.1092,0.0,0.48335,0.0,0.13305,0.0,5.0e-05,0.0,0.5644,1.0,0.28315,0.0,0.89075,1.0,0.05825,0.0
2015,FIFA Women's World Cup,2015-06-16,England,0.055,0.0,0.50985,0.0,0.0015,0.0,0.17115,1.0,0.3004,0.0,0.0171,0.0,0.501,1.0,0.1676,1.0,0.9814,1.0,0.02045,0.0
2015,FIFA Women's World Cup,2015-06-16,China,0.01585,0.0,0.0,0.0,0.0,0.0,1.0,1.0,0.0,0.0,0.0,0.0,0.6082,1.0,0.08875,0.0,1.0,1.0,0.0046,0.0
2015,FIFA Women's World Cup,2015-06-16,Australia,0.08095,0.0,0.0,0.0,0.0,0.0,1.0,1.0,0.0,0.0,0.0,0.0,0.3741,1.0,0.16725,0.0,1.0,1.0,0.02475,0.0
2015,FIFA Women's World Cup,2015-06-16,Thailand,0.0,0.0,0.0,0.0,0.0,0.0,0.0,0.0,5.0e-05,0.0,0.99995,1.0,0.0,0.0,0.0,0.0,5.0e-05,0.0,0.0,0.0
2015,FIFA Women's World Cup,2015-06-16,New Zealand,0.0,0.0,0.0,0.0,1.0,1.0,0.0,0.0,0.0,0.0,0.0,0.0,0.0,0.0,0.0,0.0,0.0,0.0,0.0,0.0
2015,FIFA Women's World Cup,2015-06-16,Japan,0.23245,1.0,1.0,1.0,0.0,0.0,0.0,0.0,0.0,0.0,0.0,0.0,0.7291,1.0,0.39585,1.0,1.0,1.0,0.08385,0.0
2015,FIFA Women's World Cup,2015-06-16,Norway,0.1042,0.0,0.0,0.0,0.0,0.0,1.0,1.0,0.0,0.0,0.0,0.0,0.52435,0.0,0.25,0.0,1.0,1.0,0.0264,0.0
2015,FIFA Women's World Cup,2015-06-16,Mexico,0.0023,0.0,0.0,0.0,0.8893,1.0,0.0792,0.0,0.0315,0.0,0.0,0.0,0.026,0.0,0.00835,0.0,0.1107,0.0,0.00025,0.0
2015,FIFA Women's World Cup,2015-06-16,Brazil,0.2066,0.0,1.0,1.0,0.0,0.0,0.0,0.0,0.0,0.0,0.0,0.0,0.6259,0.0,0.35035,0.0,1.0,1.0,0.0751,0.0
2015,FIFA Women's World Cup,2015-06-16,Canada,0.2025,0.0,1.0,1.0,0.0,0.0,0.0,0.0,0.0,0.0,0.0,0.0,0.75625,1.0,0.4264,0.0,1.0,1.0,0.0657,0.0
2015,FIFA Women's World Cup,2015-06-15,Switzerland,0.01535,0.0,0.00145,0.0,0.0,0.0,0.69435,0.0,0.30375,1.0,0.00045,0.0,0.40225,0.0,0.0811,0.0,0.99955,1.0,0.0029,0.0
2015,FIFA Women's World Cup,2015-06-15,Nigeria,0.0023,0.0,0.004,0.0,0.89845,1.0,0.0172,0.0,0.06585,0.0,0.0145,0.0,0.0177,0.0,0.00715,0.0,0.08705,0.0,0.00065,0.0
2015,FIFA Women's World Cup,2015-06-15,USA,0.4262,1.0,0.84315,1.0,0.0,0.0,0.1368,0.0,0.02,0.0,5.0e-05,0.0,0.8457,1.0,0.73695,1.0,0.99995,1.0,0.2947,1.0
2015,FIFA Women's World Cup,2015-06-15,Netherlands,0.02495,0.0,0.0,0.0,0.0,0.0,0.0,0.0,0.99995,1.0,5.0e-05,0.0,0.2197,0.0,0.07085,0.0,0.99995,1.0,0.005,0.0
2015,FIFA Women's World Cup,2015-06-15,Sweden,0.08635,0.0,0.07825,0.0,0.0614,0.0,0.3857,0.0,0.20645,1.0,0.2682,0.0,0.2911,0.0,0.17615,0.0,0.6704,1.0,0.0327,0.0
2015,FIFA Women's World Cup,2015-06-15,Costa Rica,5.0e-05,0.0,0.0,0.0,0.12775,0.0,0.1043,0.0,0.0704,0.0,0.69755,1.0,0.0199,0.0,0.0015,0.0,0.1747,0.0,0.0,0.0
2015,FIFA Women's World Cup,2015-06-15,Ivory Coast,0.0,0.0,0.0,0.0,1.0,1.0,0.0,0.0,0.0,0.0,0.0,0.0,0.0,0.0,0.0,0.0,0.0,0.0,0.0,0.0
2015,FIFA Women's World Cup,2015-06-15,South Korea,0.00345,0.0,0.0,0.0,0.512,0.0,0.3473,1.0,0.01295,0.0,0.12775,0.0,0.1198,0.0,0.01605,0.0,0.36025,1.0,0.0009,0.0
2015,FIFA Women's World Cup,2015-06-15,Cameroon,0.0076,0.0,0.0013,0.0,0.0,0.0,0.3029,1.0,0.6947,0.0,0.0011,0.0,0.2371,0.0,0.0457,0.0,0.9989,1.0,0.00105,0.0
2015,FIFA Women's World Cup,2015-06-15,Germany,0.43975,0.0,1.0,1.0,0.0,0.0,0.0,0.0,0.0,0.0,0.0,0.0,0.8273,1.0,0.6929,1.0,1.0,1.0,0.31675,0.0
2015,FIFA Women's World Cup,2015-06-15,Spain,0.00695,0.0,0.0,0.0,0.36025,1.0,0.5484,0.0,0.01285,0.0,0.0785,0.0,0.19525,0.0,0.02735,0.0,0.56125,0.0,0.00215,0.0
2015,FIFA Women's World Cup,2015-06-15,Colombia,0.00545,0.0,0.21315,0.0,0.0,0.0,0.2676,0.0,0.5192,1.0,5.0e-05,0.0,0.1946,0.0,0.0363,0.0,0.99995,1.0,0.00085,0.0
2015,FIFA Women's World Cup,2015-06-15,Ecuador,0.0,0.0,0.0,0.0,0.99995,1.0,0.0,0.0,5.0e-05,0.0,0.0,0.0,0.0,0.0,0.0,0.0,5.0e-05,0.0,0.0,0.0
2015,FIFA Women's World Cup,2015-06-15,France,0.12995,0.0,0.27455,1.0,0.11,0.0,0.483,0.0,0.13235,0.0,0.0001,0.0,0.56705,1.0,0.2811,0.0,0.8899,1.0,0.0518,0.0
2015,FIFA Women's World Cup,2015-06-15,England,0.0594,0.0,0.5123,0.0,0.00155,0.0,0.1697,1.0,0.30795,0.0,0.0085,0.0,0.5174,1.0,0.17185,1.0,0.98995,1.0,0.0226,0.0
2015,FIFA Women's World Cup,2015-06-15,China,0.0176,0.0,0.0,0.0,0.0,0.0,1.0,1.0,0.0,0.0,0.0,0.0,0.5522,1.0,0.0975,0.0,1.0,1.0,0.0046,0.0
2015,FIFA Women's World Cup,2015-06-15,Australia,0.0604,0.0,0.0746,0.0,0.04015,0.0,0.4603,1.0,0.38205,0.0,0.0429,0.0,0.29245,1.0,0.146,0.0,0.91695,1.0,0.01745,0.0
2015,FIFA Women's World Cup,2015-06-15,Thailand,0.0,0.0,0.0,0.0,0.0,0.0,0.0,0.0,0.2397,0.0,0.7603,1.0,0.00365,0.0,0.0001,0.0,0.2397,0.0,0.0,0.0
2015,FIFA Women's World Cup,2015-06-15,New Zealand,0.0,0.0,0.0,0.0,1.0,1.0,0.0,0.0,0.0,0.0,0.0,0.0,0.0,0.0,0.0,0.0,0.0,0.0,0.0,0.0
2015,FIFA Women's World Cup,2015-06-15,Japan,0.23585,1.0,0.99725,1.0,0.0,0.0,0.00275,0.0,0.0,0.0,0.0,0.0,0.79315,1.0,0.39835,1.0,1.0,1.0,0.088,0.0
2015,FIFA Women's World Cup,2015-06-15,Norway,0.08945,0.0,0.0,0.0,0.0,0.0,1.0,1.0,0.0,0.0,0.0,0.0,0.52585,0.0,0.24475,0.0,1.0,1.0,0.0242,0.0
2015,FIFA Women's World Cup,2015-06-15,Mexico,0.0012,0.0,0.0,0.0,0.88845,1.0,0.0797,0.0,0.03185,0.0,0.0,0.0,0.02605,0.0,0.0077,0.0,0.11155,0.0,0.0001,0.0
2015,FIFA Women's World Cup,2015-06-15,Brazil,0.17155,0.0,1.0,1.0,0.0,0.0,0.0,0.0,0.0,0.0,0.0,0.0,0.5448,0.0,0.298,0.0,1.0,1.0,0.06185,0.0
2015,FIFA Women's World Cup,2015-06-15,Canada,0.2162,0.0,1.0,1.0,0.0,0.0,0.0,0.0,0.0,0.0,0.0,0.0,0.807,1.0,0.46265,0.0,1.0,1.0,0.07175,0.0
2015,FIFA Women's World Cup,2015-06-13,Switzerland,0.01455,0.0,0.0015,0.0,0.0,0.0,0.6954,0.0,0.30225,1.0,0.00085,0.0,0.39965,0.0,0.07815,0.0,0.99915,1.0,0.00315,0.0
2015,FIFA Women's World Cup,2015-06-13,Nigeria,0.00235,0.0,0.0044,0.0,0.9003,1.0,0.01695,0.0,0.06535,0.0,0.013,0.0,0.0159,0.0,0.00695,0.0,0.0867,0.0,0.00055,0.0
2015,FIFA Women's World Cup,2015-06-13,USA,0.4255,1.0,0.8469,1.0,0.0,0.0,0.1324,0.0,0.02065,0.0,5.0e-05,0.0,0.84975,1.0,0.72865,1.0,0.99995,1.0,0.291,1.0
2015,FIFA Women's World Cup,2015-06-13,Netherlands,0.0274,0.0,0.15475,0.0,0.10175,0.0,0.10605,0.0,0.5893,1.0,0.04815,0.0,0.2874,0.0,0.09385,0.0,0.8501,1.0,0.0054,0.0
2015,FIFA Women's World Cup,2015-06-13,Sweden,0.0879,0.0,0.079,0.0,0.059,0.0,0.3863,0.0,0.21205,1.0,0.26365,0.0,0.30135,0.0,0.17875,0.0,0.67735,1.0,0.03405,0.0
2015,FIFA Women's World Cup,2015-06-13,Costa Rica,0.0002,0.0,0.0,0.0,0.12635,0.0,0.1034,0.0,0.0751,0.0,0.69515,1.0,0.0212,0.0,0.0012,0.0,0.1785,0.0,5.0e-05,0.0
2015,FIFA Women's World Cup,2015-06-13,Ivory Coast,0.0,0.0,0.0,0.0,0.99785,1.0,0.0,0.0,0.00065,0.0,0.0015,0.0,5.0e-05,0.0,0.0,0.0,0.00065,0.0,0.0,0.0
2015,FIFA Women's World Cup,2015-06-13,South Korea,0.0031,0.0,0.0,0.0,0.5098,0.0,0.3511,1.0,0.0127,0.0,0.1264,0.0,0.12495,0.0,0.0171,0.0,0.3638,1.0,0.00075,0.0
2015,FIFA Women's World Cup,2015-06-13,Cameroon,0.00895,0.0,0.00115,0.0,0.0,0.0,0.30195,1.0,0.6956,0.0,0.0013,0.0,0.26255,0.0,0.0525,0.0,0.9987,1.0,0.00115,0.0
2015,FIFA Women's World Cup,2015-06-13,Germany,0.43025,0.0,0.9603,1.0,0.0,0.0,0.0361,0.0,0.00355,0.0,5.0e-05,0.0,0.81015,1.0,0.67165,1.0,0.99995,1.0,0.3054,0.0
2015,FIFA Women's World Cup,2015-06-13,Spain,0.0065,0.0,0.0,0.0,0.36385,1.0,0.5455,0.0,0.0141,0.0,0.07655,0.0,0.1946,0.0,0.0308,0.0,0.5596,0.0,0.0021,0.0
2015,FIFA Women's World Cup,2015-06-13,Colombia,0.0059,0.0,0.21415,0.0,0.0,0.0,0.2679,0.0,0.5179,1.0,5.0e-05,0.0,0.19185,0.0,0.0389,0.0,0.99995,1.0,0.0011,0.0
2015,FIFA Women's World Cup,2015-06-13,Ecuador,0.0,0.0,0.0,0.0,0.99995,1.0,0.0,0.0,5.0e-05,0.0,0.0,0.0,0.0,0.0,0.0,0.0,5.0e-05,0.0,0.0,0.0
2015,FIFA Women's World Cup,2015-06-13,France,0.13885,0.0,0.2765,1.0,0.1081,0.0,0.48285,0.0,0.13245,0.0,0.0001,0.0,0.55255,1.0,0.2902,0.0,0.8918,1.0,0.0572,0.0
2015,FIFA Women's World Cup,2015-06-13,England,0.059,0.0,0.50935,0.0,0.0019,0.0,0.17215,1.0,0.30915,0.0,0.00745,0.0,0.51555,1.0,0.17925,1.0,0.99065,1.0,0.02085,0.0
2015,FIFA Women's World Cup,2015-06-13,China,0.02175,0.0,0.15735,0.0,0.20225,0.0,0.5003,1.0,0.13295,0.0,0.00715,0.0,0.40555,1.0,0.09615,0.0,0.7906,1.0,0.00475,0.0
2015,FIFA Women's World Cup,2015-06-13,Australia,0.06055,0.0,0.06965,0.0,0.0407,0.0,0.46435,1.0,0.3821,0.0,0.0432,0.0,0.3029,1.0,0.14775,0.0,0.9161,1.0,0.02025,0.0
2015,FIFA Women's World Cup,2015-06-13,Thailand,0.0,0.0,0.00095,0.0,0.00215,0.0,0.0029,0.0,0.27855,0.0,0.71545,1.0,0.00475,0.0,0.00015,0.0,0.2824,0.0,0.0,0.0
2015,FIFA Women's World Cup,2015-06-13,New Zealand,0.00365,0.0,0.0,0.0,0.696,1.0,0.27055,0.0,0.03345,0.0,0.0,0.0,0.1396,0.0,0.02025,0.0,0.304,0.0,0.00135,0.0
2015,FIFA Women's World Cup,2015-06-13,Japan,0.24645,1.0,0.99735,1.0,0.0,0.0,0.00265,0.0,0.0,0.0,0.0,0.0,0.7983,1.0,0.4133,1.0,1.0,1.0,0.094,0.0
2015,FIFA Women's World Cup,2015-06-13,Norway,0.1031,0.0,0.03865,0.0,0.0,0.0,0.961,1.0,0.0003,0.0,5.0e-05,0.0,0.526,0.0,0.26945,0.0,0.99995,1.0,0.02595,0.0
2015,FIFA Women's World Cup,2015-06-13,Mexico,0.00145,0.0,0.0,0.0,0.89,1.0,0.0771,0.0,0.0329,0.0,0.0,0.0,0.0263,0.0,0.0077,0.0,0.11,0.0,0.00035,0.0
2015,FIFA Women's World Cup,2015-06-13,Brazil,0.1712,0.0,1.0,1.0,0.0,0.0,0.0,0.0,0.0,0.0,0.0,0.0,0.542,0.0,0.2846,0.0,1.0,1.0,0.0662,0.0
2015,FIFA Women's World Cup,2015-06-13,Canada,0.1814,0.0,0.6879,1.0,0.0,0.0,0.1231,0.0,0.18895,0.0,5.0e-05,0.0,0.7271,1.0,0.3927,0.0,0.99995,1.0,0.0644,0.0
2015,FIFA Women's World Cup,2015-06-12,Switzerland,0.0163,0.0,0.00165,0.0,0.0,0.0,0.6947,0.0,0.30305,1.0,0.0006,0.0,0.40745,0.0,0.0844,0.0,0.9994,1.0,0.00395,0.0
2015,FIFA Women's World Cup,2015-06-12,Nigeria,0.0026,0.0,0.00505,0.0,0.8992,1.0,0.0161,0.0,0.0678,0.0,0.01185,0.0,0.0195,0.0,0.00745,0.0,0.08895,0.0,0.0007,0.0
2015,FIFA Women's World Cup,2015-06-12,USA,0.4394,1.0,0.84655,1.0,0.0,0.0,0.1331,0.0,0.0203,0.0,5.0e-05,0.0,0.88765,1.0,0.7597,1.0,0.99995,1.0,0.30085,1.0
2015,FIFA Women's World Cup,2015-06-12,Netherlands,0.0279,0.0,0.1501,0.0,0.1042,0.0,0.1058,0.0,0.5884,1.0,0.0515,0.0,0.29105,0.0,0.09365,0.0,0.8443,1.0,0.00585,0.0
2015,FIFA Women's World Cup,2015-06-12,Sweden,0.09025,0.0,0.0737,0.0,0.06155,0.0,0.39255,0.0,0.2678,1.0,0.2044,0.0,0.3239,0.0,0.18395,0.0,0.73405,1.0,0.0351,0.0
2015,FIFA Women's World Cup,2015-06-12,Costa Rica,0.00025,0.0,0.00945,0.0,0.5781,0.0,0.1257,0.0,0.0914,0.0,0.19535,1.0,0.01425,0.0,0.0018,0.0,0.22655,0.0,0.0,0.0
2015,FIFA Women's World Cup,2015-06-12,Ivory Coast,0.0,0.0,0.0,0.0,0.99745,1.0,0.0,0.0,0.00095,0.0,0.0016,0.0,5.0e-05,0.0,5.0e-05,0.0,0.00095,0.0,0.0,0.0
2015,FIFA Women's World Cup,2015-06-12,South Korea,0.00575,0.0,0.0179,0.0,0.2235,0.0,0.4212,1.0,0.27085,0.0,0.06655,0.0,0.13425,0.0,0.0315,0.0,0.70995,1.0,0.0017,0.0
2015,FIFA Women's World Cup,2015-06-12,Cameroon,0.0091,0.0,0.001,0.0,0.0,0.0,0.30265,1.0,0.6952,0.0,0.00115,0.0,0.26835,0.0,0.055,0.0,0.99885,1.0,0.0009,0.0
2015,FIFA Women's World Cup,2015-06-12,Germany,0.3842,0.0,0.9582,1.0,0.0,0.0,0.03775,0.0,0.004,0.0,5.0e-05,0.0,0.8083,1.0,0.60265,1.0,0.99995,1.0,0.27455,0.0
2015,FIFA Women's World Cup,2015-06-12,Spain,0.00865,0.0,0.0696,0.0,0.19645,1.0,0.3657,0.0,0.1037,0.0,0.26455,0.0,0.12595,0.0,0.0286,0.0,0.539,0.0,0.0024,0.0
2015,FIFA Women's World Cup,2015-06-12,Colombia,0.00155,0.0,0.0149,0.0,0.50945,0.0,0.1231,0.0,0.0739,1.0,0.27865,0.0,0.03925,0.0,0.00915,0.0,0.2119,1.0,0.0002,0.0
2015,FIFA Women's World Cup,2015-06-12,Ecuador,0.0,0.0,0.0,0.0,0.99995,1.0,0.0,0.0,5.0e-05,0.0,0.0,0.0,0.0,0.0,0.0,0.0,5.0e-05,0.0,0.0,0.0
2015,FIFA Women's World Cup,2015-06-12,France,0.13345,0.0,0.8992,1.0,0.0057,0.0,0.0823,0.0,0.01265,0.0,0.00015,0.0,0.7513,1.0,0.2953,0.0,0.99415,1.0,0.069,0.0
2015,FIFA Women's World Cup,2015-06-12,England,0.07765,0.0,0.05905,0.0,0.10245,0.0,0.6242,1.0,0.1842,0.0,0.0301,0.0,0.40775,1.0,0.2051,1.0,0.86745,1.0,0.02185,0.0
2015,FIFA Women's World Cup,2015-06-12,China,0.02095,0.0,0.1556,0.0,0.2006,0.0,0.5033,1.0,0.13255,0.0,0.00795,0.0,0.39635,1.0,0.0908,0.0,0.79145,1.0,0.0044,0.0
2015,FIFA Women's World Cup,2015-06-12,Australia,0.05815,0.0,0.07465,0.0,0.03925,0.0,0.45825,1.0,0.38555,0.0,0.0423,0.0,0.3125,1.0,0.143,0.0,0.91845,1.0,0.01805,0.0
2015,FIFA Women's World Cup,2015-06-12,Thailand,5.0e-05,0.0,0.00085,0.0,0.00255,0.0,0.0033,0.0,0.4801,0.0,0.5132,1.0,0.0068,0.0,0.00055,0.0,0.48425,0.0,0.0,0.0
2015,FIFA Women's World Cup,2015-06-12,New Zealand,0.00265,0.0,0.0,0.0,0.6952,1.0,0.27215,0.0,0.0326,0.0,5.0e-05,0.0,0.13985,0.0,0.0183,0.0,0.30475,0.0,0.0007,0.0
2015,FIFA Women's World Cup,2015-06-12,Japan,0.2416,1.0,0.99735,1.0,0.0,0.0,0.00265,0.0,0.0,0.0,0.0,0.0,0.7683,1.0,0.39375,1.0,1.0,1.0,0.0909,0.0
2015,FIFA Women's World Cup,2015-06-12,Norway,0.10255,0.0,0.04085,0.0,0.0,0.0,0.95895,1.0,0.00015,0.0,5.0e-05,0.0,0.5474,0.0,0.2744,0.0,0.99995,1.0,0.0279,0.0
2015,FIFA Women's World Cup,2015-06-12,Mexico,0.0042,0.0,0.02685,0.0,0.3824,1.0,0.1704,0.0,0.0906,0.0,0.32975,0.0,0.06825,0.0,0.0191,0.0,0.28785,0.0,0.0006,0.0
2015,FIFA Women's World Cup,2015-06-12,Brazil,0.1742,0.0,0.90305,1.0,0.00195,0.0,0.0874,0.0,0.0073,0.0,0.0003,0.0,0.5514,0.0,0.29235,0.0,0.99775,1.0,0.06735,0.0
2015,FIFA Women's World Cup,2015-06-12,Canada,0.1986,0.0,0.69425,1.0,0.0,0.0,0.11875,0.0,0.18695,0.0,5.0e-05,0.0,0.73015,1.0,0.40945,0.0,0.99995,1.0,0.07305,0.0
2015,FIFA Women's World Cup,2015-06-11,Switzerland,0.01545,0.0,0.008,0.0,0.0208,0.0,0.42455,0.0,0.49075,1.0,0.0559,0.0,0.32565,0.0,0.07315,0.0,0.9233,1.0,0.00255,0.0
2015,FIFA Women's World Cup,2015-06-11,Nigeria,0.0187,0.0,0.0405,0.0,0.40955,1.0,0.2126,0.0,0.1898,0.0,0.14755,0.0,0.13035,0.0,0.05595,0.0,0.4429,0.0,0.0049,0.0
2015,FIFA Women's World Cup,2015-06-11,USA,0.44335,1.0,0.812,1.0,0.00605,0.0,0.1485,0.0,0.033,0.0,0.00045,0.0,0.87235,1.0,0.74485,1.0,0.9935,1.0,0.3062,1.0
2015,FIFA Women's World Cup,2015-06-11,Netherlands,0.02685,0.0,0.15005,0.0,0.1041,0.0,0.10495,0.0,0.60195,1.0,0.03895,0.0,0.2902,0.0,0.0898,0.0,0.85695,1.0,0.0058,0.0
2015,FIFA Women's World Cup,2015-06-11,Sweden,0.10325,0.0,0.1262,0.0,0.18165,0.0,0.3813,0.0,0.1658,1.0,0.14505,0.0,0.3469,0.0,0.20775,0.0,0.6733,1.0,0.04015,0.0
2015,FIFA Women's World Cup,2015-06-11,Costa Rica,0.0001,0.0,0.0107,0.0,0.5774,0.0,0.12645,0.0,0.10025,0.0,0.1852,1.0,0.0134,0.0,0.00165,0.0,0.2374,0.0,0.0,0.0
2015,FIFA Women's World Cup,2015-06-11,Ivory Coast,0.0,0.0,0.0,0.0,0.99785,1.0,0.0,0.0,0.00085,0.0,0.0013,0.0,5.0e-05,0.0,0.0,0.0,0.00085,0.0,0.0,0.0
2015,FIFA Women's World Cup,2015-06-11,South Korea,0.0056,0.0,0.01995,0.0,0.2291,0.0,0.4188,1.0,0.27765,0.0,0.0545,0.0,0.1413,0.0,0.03095,0.0,0.7164,1.0,0.0014,0.0
2015,FIFA Women's World Cup,2015-06-11,Cameroon,0.0086,0.0,0.13315,0.0,0.00025,0.0,0.4522,1.0,0.41165,0.0,0.00275,0.0,0.31275,0.0,0.05075,0.0,0.997,1.0,0.001,0.0
2015,FIFA Women's World Cup,2015-06-11,Germany,0.385,0.0,0.95905,1.0,0.0,0.0,0.03685,0.0,0.00405,0.0,5.0e-05,0.0,0.82595,1.0,0.61995,1.0,0.99995,1.0,0.27385,0.0
2015,FIFA Women's World Cup,2015-06-11,Spain,0.00885,0.0,0.0688,0.0,0.191,1.0,0.36575,0.0,0.12085,0.0,0.2536,0.0,0.129,0.0,0.02925,0.0,0.5554,0.0,0.0025,0.0
2015,FIFA Women's World Cup,2015-06-11,Colombia,0.0016,0.0,0.01725,0.0,0.5038,0.0,0.12645,0.0,0.08015,1.0,0.27235,0.0,0.04015,0.0,0.0094,0.0,0.22385,1.0,0.0001,0.0
2015,FIFA Women's World Cup,2015-06-11,Ecuador,0.0,0.0,0.0,0.0,0.97895,1.0,0.00045,0.0,0.0109,0.0,0.0097,0.0,0.0001,0.0,0.0,0.0,0.01135,0.0,0.0,0.0
2015,FIFA Women's World Cup,2015-06-11,France,0.1292,0.0,0.89785,1.0,0.00535,0.0,0.08395,0.0,0.01265,0.0,0.0002,0.0,0.75285,1.0,0.29035,0.0,0.99445,1.0,0.06425,0.0
2015,FIFA Women's World Cup,2015-06-11,England,0.0797,0.0,0.05875,0.0,0.1018,0.0,0.6188,1.0,0.1931,0.0,0.02755,0.0,0.40485,1.0,0.2035,1.0,0.87065,1.0,0.02375,0.0
2015,FIFA Women's World Cup,2015-06-11,China,0.02265,0.0,0.15885,0.0,0.1964,0.0,0.5042,1.0,0.13435,0.0,0.0062,0.0,0.3987,1.0,0.09455,0.0,0.7974,1.0,0.00525,0.0
2015,FIFA Women's World Cup,2015-06-11,Australia,0.03565,0.0,0.0213,0.0,0.40275,0.0,0.2576,1.0,0.2727,0.0,0.04565,0.0,0.1755,1.0,0.08395,0.0,0.5516,1.0,0.01055,0.0
2015,FIFA Women's World Cup,2015-06-11,Thailand,5.0e-05,0.0,0.00075,0.0,0.00215,0.0,0.00355,0.0,0.55655,0.0,0.437,1.0,0.0175,0.0,0.0011,0.0,0.56085,0.0,0.0,0.0
2015,FIFA Women's World Cup,2015-06-11,New Zealand,0.0024,0.0,0.0,0.0,0.6995,1.0,0.26745,0.0,0.03305,0.0,0.0,0.0,0.13395,0.0,0.0196,0.0,0.3005,0.0,0.0006,0.0
2015,FIFA Women's World Cup,2015-06-11,Japan,0.2403,1.0,0.8588,1.0,0.0,0.0,0.1228,0.0,0.01835,0.0,5.0e-05,0.0,0.79255,1.0,0.4034,1.0,0.99995,1.0,0.0933,0.0
2015,FIFA Women's World Cup,2015-06-11,Norway,0.10445,0.0,0.0401,0.0,0.0,0.0,0.9596,1.0,0.00025,0.0,5.0e-05,0.0,0.55645,0.0,0.2813,0.0,0.99995,1.0,0.0288,0.0
2015,FIFA Women's World Cup,2015-06-11,Mexico,0.0034,0.0,0.02615,0.0,0.38905,1.0,0.1708,0.0,0.09845,0.0,0.31555,0.0,0.07045,0.0,0.0184,0.0,0.2954,0.0,0.00045,0.0
2015,FIFA Women's World Cup,2015-06-11,Brazil,0.1797,0.0,0.90055,1.0,0.0025,0.0,0.089,0.0,0.00765,0.0,0.0003,0.0,0.55025,0.0,0.30065,0.0,0.9972,1.0,0.0712,0.0
2015,FIFA Women's World Cup,2015-06-11,Canada,0.18515,0.0,0.6911,1.0,0.0,0.0,0.1234,0.0,0.18525,0.0,0.00025,0.0,0.7188,1.0,0.38975,0.0,0.99975,1.0,0.0634,0.0
2015,FIFA Women's World Cup,2015-06-09,Switzerland,0.0131,0.0,0.00865,0.0,0.01795,0.0,0.42855,0.0,0.4921,1.0,0.05275,0.0,0.3024,0.0,0.06755,0.0,0.9293,1.0,0.0023,0.0
2015,FIFA Women's World Cup,2015-06-09,Nigeria,0.01845,0.0,0.0424,0.0,0.40715,1.0,0.2124,0.0,0.21305,0.0,0.125,0.0,0.1331,0.0,0.0562,0.0,0.46785,0.0,0.0045,0.0
2015,FIFA Women's World Cup,2015-06-09,USA,0.4232,1.0,0.81485,1.0,0.0067,0.0,0.14445,0.0,0.0326,0.0,0.0014,0.0,0.86795,1.0,0.72815,1.0,0.9919,1.0,0.2859,1.0
2015,FIFA Women's World Cup,2015-06-09,Netherlands,0.038,0.0,0.2464,0.0,0.05425,0.0,0.4055,0.0,0.27695,1.0,0.0169,0.0,0.463,0.0,0.1323,0.0,0.92885,1.0,0.00855,0.0
2015,FIFA Women's World Cup,2015-06-09,Sweden,0.1023,0.0,0.1215,0.0,0.17755,0.0,0.3924,0.0,0.1848,1.0,0.12375,0.0,0.35155,0.0,0.21025,0.0,0.6987,1.0,0.0384,0.0
2015,FIFA Women's World Cup,2015-06-09,Costa Rica,0.0001,0.0,0.01065,0.0,0.5774,0.0,0.1277,0.0,0.1189,0.0,0.16535,1.0,0.01465,0.0,0.0018,0.0,0.25725,0.0,0.0,0.0
2015,FIFA Women's World Cup,2015-06-09,Ivory Coast,0.0008,0.0,0.0003,0.0,0.455,1.0,0.04605,0.0,0.3063,0.0,0.19235,0.0,0.03115,0.0,0.00385,0.0,0.35265,0.0,5.0e-05,0.0
2015,FIFA Women's World Cup,2015-06-09,South Korea,0.00575,0.0,0.0201,0.0,0.22735,0.0,0.41305,1.0,0.2804,0.0,0.0591,0.0,0.1354,0.0,0.03015,0.0,0.71355,1.0,0.00165,0.0
2015,FIFA Women's World Cup,2015-06-09,Cameroon,0.00795,0.0,0.13,0.0,0.0001,0.0,0.4503,1.0,0.41615,0.0,0.00345,0.0,0.28655,0.0,0.04665,0.0,0.99645,1.0,0.001,0.0
2015,FIFA Women's World Cup,2015-06-09,Germany,0.4192,0.0,0.88995,1.0,0.0,0.0,0.1095,0.0,0.0005,0.0,5.0e-05,0.0,0.84355,1.0,0.6467,1.0,0.99995,1.0,0.30575,0.0
2015,FIFA Women's World Cup,2015-06-09,Spain,0.00895,0.0,0.0714,0.0,0.1928,1.0,0.3675,0.0,0.14655,0.0,0.22175,0.0,0.13185,0.0,0.0328,0.0,0.58545,0.0,0.00255,0.0
2015,FIFA Women's World Cup,2015-06-09,Colombia,0.0014,0.0,0.0151,0.0,0.5135,0.0,0.12415,0.0,0.09935,1.0,0.2479,0.0,0.0426,0.0,0.0092,0.0,0.2386,1.0,0.0,0.0
2015,FIFA Women's World Cup,2015-06-09,Ecuador,0.0,0.0,0.0,0.0,0.98195,1.0,0.00045,0.0,0.01285,0.0,0.00475,0.0,0.0002,0.0,0.0,0.0,0.0133,0.0,0.0,0.0
2015,FIFA Women's World Cup,2015-06-09,France,0.13065,0.0,0.8992,1.0,0.0061,0.0,0.08245,0.0,0.01195,0.0,0.0003,0.0,0.75615,1.0,0.2917,0.0,0.9936,1.0,0.065,0.0
2015,FIFA Women's World Cup,2015-06-09,England,0.07635,0.0,0.05955,0.0,0.10315,0.0,0.6169,1.0,0.19215,0.0,0.02825,0.0,0.41025,1.0,0.19665,1.0,0.8686,1.0,0.02155,0.0
2015,FIFA Women's World Cup,2015-06-09,China,0.0134,0.0,0.0379,0.0,0.3153,0.0,0.27995,1.0,0.2881,0.0,0.07875,0.0,0.23895,1.0,0.05185,0.0,0.60595,1.0,0.0033,0.0
2015,FIFA Women's World Cup,2015-06-09,Australia,0.0355,0.0,0.02125,0.0,0.4086,0.0,0.25075,1.0,0.27375,0.0,0.04565,0.0,0.17765,1.0,0.0836,0.0,0.54575,1.0,0.0106,0.0
2015,FIFA Women's World Cup,2015-06-09,Thailand,5.0e-05,0.0,5.0e-05,0.0,0.5449,0.0,0.00105,0.0,0.1726,0.0,0.2814,1.0,0.00495,0.0,0.0003,0.0,0.1737,0.0,0.0,0.0
2015,FIFA Women's World Cup,2015-06-09,New Zealand,0.00465,0.0,0.0215,0.0,0.618,1.0,0.08885,0.0,0.22025,0.0,0.0514,0.0,0.0948,0.0,0.0195,0.0,0.3306,0.0,0.0004,0.0
2015,FIFA Women's World Cup,2015-06-09,Japan,0.2331,1.0,0.86135,1.0,0.0,0.0,0.1207,0.0,0.0179,0.0,5.0e-05,0.0,0.79175,1.0,0.4006,1.0,0.99995,1.0,0.0887,0.0
2015,FIFA Women's World Cup,2015-06-09,Norway,0.09445,0.0,0.10965,0.0,0.0001,0.0,0.8434,1.0,0.04425,0.0,0.0026,0.0,0.5328,0.0,0.2518,0.0,0.9973,1.0,0.0233,0.0
2015,FIFA Women's World Cup,2015-06-09,Mexico,0.0044,0.0,0.02615,0.0,0.37725,1.0,0.1765,0.0,0.1247,0.0,0.2954,0.0,0.0773,0.0,0.02045,0.0,0.32735,0.0,0.00035,0.0
2015,FIFA Women's World Cup,2015-06-09,Brazil,0.1796,0.0,0.89785,1.0,0.00245,0.0,0.09175,0.0,0.00765,0.0,0.0003,0.0,0.55285,0.0,0.3102,0.0,0.99725,1.0,0.0655,0.0
2015,FIFA Women's World Cup,2015-06-09,Canada,0.18865,0.0,0.6942,1.0,0.01245,0.0,0.2257,0.0,0.0662,0.0,0.00145,0.0,0.7586,1.0,0.40775,0.0,0.9861,1.0,0.07065,0.0
2015,FIFA Women's World Cup,2015-06-08,Switzerland,0.0131,0.0,0.0079,0.0,0.0203,0.0,0.42365,0.0,0.47795,1.0,0.0702,0.0,0.288,0.0,0.06245,0.0,0.9095,1.0,0.0023,0.0
2015,FIFA Women's World Cup,2015-06-08,Nigeria,0.01855,0.0,0.0383,0.0,0.4063,1.0,0.2147,0.0,0.17745,0.0,0.16325,0.0,0.1356,0.0,0.05525,0.0,0.43045,0.0,0.0033,0.0
2015,FIFA Women's World Cup,2015-06-08,USA,0.41955,1.0,0.81775,1.0,0.0068,0.0,0.1429,0.0,0.03135,0.0,0.0012,0.0,0.86735,1.0,0.7218,1.0,0.992,1.0,0.28435,1.0
2015,FIFA Women's World Cup,2015-06-08,Netherlands,0.03715,0.0,0.2449,0.0,0.05445,0.0,0.41795,0.0,0.2458,1.0,0.0369,0.0,0.45015,0.0,0.12805,0.0,0.90865,1.0,0.00945,0.0
2015,FIFA Women's World Cup,2015-06-08,Sweden,0.10525,0.0,0.1248,0.0,0.1766,0.0,0.3905,0.0,0.15,1.0,0.1581,0.0,0.36055,0.0,0.21475,0.0,0.6653,1.0,0.04195,0.0
2015,FIFA Women's World Cup,2015-06-08,Costa Rica,0.00015,0.0,0.0104,0.0,0.71215,0.0,0.0718,0.0,0.1222,0.0,0.08345,1.0,0.01245,0.0,0.00135,0.0,0.2044,0.0,0.0,0.0
2015,FIFA Women's World Cup,2015-06-08,Ivory Coast,0.00025,0.0,0.00025,0.0,0.4569,1.0,0.04805,0.0,0.17195,0.0,0.32285,0.0,0.02215,0.0,0.00305,0.0,0.22025,0.0,0.0,0.0
2015,FIFA Women's World Cup,2015-06-08,South Korea,0.0108,0.0,0.13755,0.0,0.14355,0.0,0.34355,1.0,0.2789,0.0,0.09645,0.0,0.17085,0.0,0.0461,0.0,0.76,1.0,0.003,0.0
2015,FIFA Women's World Cup,2015-06-08,Cameroon,0.00795,0.0,0.13445,0.0,0.00035,0.0,0.45155,1.0,0.40505,0.0,0.0086,0.0,0.2844,0.0,0.04625,0.0,0.99105,1.0,0.00105,0.0
2015,FIFA Women's World Cup,2015-06-08,Germany,0.42475,0.0,0.8901,1.0,0.0,0.0,0.1094,0.0,0.00045,0.0,5.0e-05,0.0,0.85155,1.0,0.65895,1.0,0.99995,1.0,0.30825,0.0
2015,FIFA Women's World Cup,2015-06-08,Spain,0.0143,0.0,0.1589,0.0,0.13365,1.0,0.3619,0.0,0.2586,0.0,0.08695,0.0,0.1894,0.0,0.0487,0.0,0.7794,0.0,0.003,0.0
2015,FIFA Women's World Cup,2015-06-08,Colombia,0.0015,0.0,0.02535,0.0,0.555,0.0,0.1029,0.0,0.19815,1.0,0.1186,0.0,0.0547,0.0,0.01115,0.0,0.3264,1.0,0.0002,0.0
2015,FIFA Women's World Cup,2015-06-08,Ecuador,0.0,0.0,5.0e-05,0.0,0.97935,1.0,0.0003,0.0,0.0087,0.0,0.0116,0.0,0.00015,0.0,0.0,0.0,0.00905,0.0,0.0,0.0
2015,FIFA Women's World Cup,2015-06-08,France,0.14615,0.0,0.6025,1.0,0.02095,0.0,0.2915,0.0,0.0738,0.0,0.01125,0.0,0.6613,1.0,0.30405,0.0,0.9678,1.0,0.0674,0.0
2015,FIFA Women's World Cup,2015-06-08,England,0.07455,0.0,0.32155,0.0,0.06085,0.0,0.4323,1.0,0.1462,0.0,0.0391,0.0,0.46575,1.0,0.1876,1.0,0.90005,1.0,0.02265,0.0
2015,FIFA Women's World Cup,2015-06-08,China,0.0113,0.0,0.03605,0.0,0.32095,0.0,0.27065,1.0,0.2621,0.0,0.11025,0.0,0.2214,1.0,0.04825,0.0,0.5688,1.0,0.00235,0.0
2015,FIFA Women's World Cup,2015-06-08,Australia,0.0377,0.0,0.01915,0.0,0.4103,0.0,0.2519,1.0,0.23505,0.0,0.0836,0.0,0.1783,1.0,0.0856,0.0,0.5061,1.0,0.01155,0.0
2015,FIFA Women's World Cup,2015-06-08,Thailand,0.0,0.0,0.0,0.0,0.5431,0.0,0.00075,0.0,0.0891,0.0,0.36705,1.0,0.00375,0.0,0.00025,0.0,0.08985,0.0,0.0,0.0
2015,FIFA Women's World Cup,2015-06-08,New Zealand,0.00375,0.0,0.0207,0.0,0.61365,1.0,0.08905,0.0,0.19615,0.0,0.08045,0.0,0.0851,0.0,0.0174,0.0,0.3059,0.0,0.00065,0.0
2015,FIFA Women's World Cup,2015-06-08,Japan,0.23295,1.0,0.8576,1.0,0.0,0.0,0.1245,0.0,0.0178,0.0,0.0001,0.0,0.79105,1.0,0.4137,1.0,0.9999,1.0,0.08685,0.0
2015,FIFA Women's World Cup,2015-06-08,Norway,0.08965,0.0,0.1096,0.0,0.0,0.0,0.8418,1.0,0.04335,0.0,0.00525,0.0,0.51065,0.0,0.23925,0.0,0.99475,1.0,0.02295,0.0
2015,FIFA Women's World Cup,2015-06-08,Mexico,0.00485,0.0,0.0506,0.0,0.3632,1.0,0.1733,0.0,0.2791,0.0,0.1338,0.0,0.1096,0.0,0.02625,0.0,0.503,0.0,0.00045,0.0
2015,FIFA Women's World Cup,2015-06-08,Brazil,0.1586,0.0,0.69315,1.0,0.01065,0.0,0.22275,0.0,0.06575,0.0,0.0077,0.0,0.5329,0.0,0.2846,0.0,0.98165,1.0,0.0605,0.0
2015,FIFA Women's World Cup,2015-06-08,Canada,0.1872,0.0,0.69835,1.0,0.01095,0.0,0.22235,0.0,0.06505,0.0,0.0033,0.0,0.7529,1.0,0.3952,0.0,0.98575,1.0,0.0678,0.0
2015,FIFA Women's World Cup,2015-06-07,Switzerland,0.01695,0.0,0.14535,0.0,0.04935,0.0,0.4927,0.0,0.24825,1.0,0.06435,0.0,0.33405,0.0,0.07445,0.0,0.8863,1.0,0.00275,0.0
2015,FIFA Women's World Cup,2015-06-07,Nigeria,0.01385,0.0,0.04205,0.0,0.5239,1.0,0.14325,0.0,0.19875,0.0,0.09205,0.0,0.1166,0.0,0.0471,0.0,0.38405,0.0,0.0029,0.0
2015,FIFA Women's World Cup,2015-06-07,USA,0.3915,1.0,0.64565,1.0,0.027,0.0,0.2366,0.0,0.0793,0.0,0.01145,0.0,0.79955,1.0,0.64795,1.0,0.96155,1.0,0.2585,1.0
2015,FIFA Women's World Cup,2015-06-07,Netherlands,0.03675,0.0,0.23895,0.0,0.05695,0.0,0.41315,0.0,0.25585,1.0,0.0351,0.0,0.44445,0.0,0.1382,0.0,0.90795,1.0,0.00865,0.0
2015,FIFA Women's World Cup,2015-06-07,Sweden,0.1288,0.0,0.2176,0.0,0.1427,0.0,0.38165,0.0,0.20255,1.0,0.0555,0.0,0.4576,0.0,0.27715,0.0,0.8018,1.0,0.0504,0.0
2015,FIFA Women's World Cup,2015-06-07,Costa Rica,0.00015,0.0,0.0111,0.0,0.70945,0.0,0.0724,0.0,0.12425,0.0,0.0828,1.0,0.01435,0.0,0.0019,0.0,0.20775,0.0,5.0e-05,0.0
2015,FIFA Women's World Cup,2015-06-07,Ivory Coast,0.0003,0.0,0.0003,0.0,0.4569,1.0,0.04965,0.0,0.1569,0.0,0.33625,0.0,0.0241,0.0,0.0026,0.0,0.20685,0.0,0.0,0.0
2015,FIFA Women's World Cup,2015-06-07,South Korea,0.01225,0.0,0.1385,0.0,0.148,0.0,0.3461,1.0,0.27755,0.0,0.08985,0.0,0.1784,0.0,0.0474,0.0,0.76215,1.0,0.00265,0.0
2015,FIFA Women's World Cup,2015-06-07,Cameroon,0.00455,0.0,0.0584,0.0,0.12835,0.0,0.3074,1.0,0.37385,0.0,0.132,0.0,0.1773,0.0,0.02825,0.0,0.73965,1.0,0.00045,0.0
2015,FIFA Women's World Cup,2015-06-07,Germany,0.44425,0.0,0.88795,1.0,0.0,0.0,0.1113,0.0,0.0007,0.0,5.0e-05,0.0,0.84555,1.0,0.65845,1.0,0.99995,1.0,0.32155,0.0
2015,FIFA Women's World Cup,2015-06-07,Spain,0.0137,0.0,0.1551,0.0,0.1308,1.0,0.3611,0.0,0.2721,0.0,0.0809,0.0,0.19345,0.0,0.0512,0.0,0.7883,0.0,0.00345,0.0
2015,FIFA Women's World Cup,2015-06-07,Colombia,0.0023,0.0,0.02565,0.0,0.54965,0.0,0.1064,0.0,0.20265,1.0,0.11565,0.0,0.06005,0.0,0.0122,0.0,0.3347,1.0,0.0003,0.0
2015,FIFA Women's World Cup,2015-06-07,Ecuador,0.0,0.0,0.00165,0.0,0.8215,1.0,0.03025,0.0,0.0742,0.0,0.0724,0.0,0.0057,0.0,0.00025,0.0,0.1061,0.0,0.0,0.0
2015,FIFA Women's World Cup,2015-06-07,France,0.14815,0.0,0.60295,1.0,0.0202,0.0,0.291,0.0,0.075,0.0,0.01085,0.0,0.6647,1.0,0.29765,0.0,0.96895,1.0,0.06805,0.0
2015,FIFA Women's World Cup,2015-06-07,England,0.07435,0.0,0.3179,0.0,0.06315,0.0,0.43345,1.0,0.1472,0.0,0.0383,0.0,0.4779,1.0,0.1945,1.0,0.89855,1.0,0.02155,0.0
2015,FIFA Women's World Cup,2015-06-07,China,0.01335,0.0,0.04065,0.0,0.31565,0.0,0.27785,1.0,0.2658,0.0,0.10005,0.0,0.2327,1.0,0.05895,0.0,0.5843,1.0,0.00285,0.0
2015,FIFA Women's World Cup,2015-06-07,Australia,0.04795,0.0,0.0947,0.0,0.3064,0.0,0.2385,1.0,0.2602,0.0,0.1002,0.0,0.2435,1.0,0.12215,0.0,0.5934,1.0,0.0154,0.0
2015,FIFA Women's World Cup,2015-06-07,Thailand,0.0,0.0,5.0e-05,0.0,0.54305,0.0,0.0013,0.0,0.09035,0.0,0.36525,1.0,0.00425,0.0,0.0001,0.0,0.0917,0.0,0.0,0.0
2015,FIFA Women's World Cup,2015-06-07,New Zealand,0.00345,0.0,0.02325,0.0,0.6146,1.0,0.08615,0.0,0.203,0.0,0.073,0.0,0.08595,0.0,0.01745,0.0,0.3124,0.0,0.0006,0.0
2015,FIFA Women's World Cup,2015-06-07,Japan,0.22215,1.0,0.7946,1.0,0.0008,0.0,0.16965,0.0,0.03345,0.0,0.0015,0.0,0.77935,1.0,0.4001,1.0,0.9977,1.0,0.08765,0.0
2015,FIFA Women's World Cup,2015-06-07,Norway,0.08335,0.0,0.11165,0.0,5.0e-05,0.0,0.83775,1.0,0.0461,0.0,0.00445,0.0,0.50485,0.0,0.2313,0.0,0.9955,1.0,0.0211,0.0
2015,FIFA Women's World Cup,2015-06-07,Mexico,0.0059,0.0,0.0535,0.0,0.367,1.0,0.16915,0.0,0.28275,0.0,0.1276,0.0,0.11305,0.0,0.02795,0.0,0.5054,0.0,0.001,0.0
2015,FIFA Women's World Cup,2015-06-07,Brazil,0.1531,0.0,0.6953,1.0,0.01175,0.0,0.2204,0.0,0.06505,0.0,0.0075,0.0,0.50695,0.0,0.2731,0.0,0.98075,1.0,0.06175,0.0
2015,FIFA Women's World Cup,2015-06-07,Canada,0.1829,0.0,0.69715,1.0,0.0128,0.0,0.22285,0.0,0.0642,0.0,0.003,0.0,0.73565,1.0,0.38965,0.0,0.9842,1.0,0.0684,0.0
2015,FIFA Women's World Cup,2015-06-06,Switzerland,0.0171,0.0,0.15055,0.0,0.05075,0.0,0.4835,0.0,0.23925,1.0,0.07595,0.0,0.3338,0.0,0.07505,0.0,0.8733,1.0,0.0036,0.0
2015,FIFA Women's World Cup,2015-06-06,Nigeria,0.0162,0.0,0.0449,0.0,0.5208,1.0,0.14645,0.0,0.184,0.0,0.10385,0.0,0.1213,0.0,0.04885,0.0,0.37535,0.0,0.0048,0.0
2015,FIFA Women's World Cup,2015-06-06,USA,0.40965,1.0,0.65035,1.0,0.02625,0.0,0.23525,0.0,0.07575,0.0,0.0124,0.0,0.8048,1.0,0.65335,1.0,0.96135,1.0,0.27605,1.0
2015,FIFA Women's World Cup,2015-06-06,Netherlands,0.037,0.0,0.24355,0.0,0.0545,0.0,0.4105,0.0,0.2389,1.0,0.05255,0.0,0.4426,0.0,0.1329,0.0,0.89295,1.0,0.00925,0.0
2015,FIFA Women's World Cup,2015-06-06,Sweden,0.12665,0.0,0.2112,0.0,0.14635,0.0,0.3743,0.0,0.19955,1.0,0.0686,0.0,0.45095,0.0,0.2731,0.0,0.78505,1.0,0.0496,0.0
2015,FIFA Women's World Cup,2015-06-06,Costa Rica,5.0e-05,0.0,0.0121,0.0,0.7099,0.0,0.0707,0.0,0.11605,0.0,0.09125,1.0,0.01425,0.0,0.00165,0.0,0.19885,0.0,0.0,0.0
2015,FIFA Women's World Cup,2015-06-06,Ivory Coast,0.00135,0.0,0.0062,0.0,0.3063,1.0,0.12255,0.0,0.2756,0.0,0.28935,0.0,0.06445,0.0,0.01135,0.0,0.40435,0.0,5.0e-05,0.0
2015,FIFA Women's World Cup,2015-06-06,South Korea,0.013,0.0,0.1373,0.0,0.14355,0.0,0.35305,1.0,0.2654,0.0,0.1007,0.0,0.1861,0.0,0.05275,0.0,0.75575,1.0,0.00285,0.0
2015,FIFA Women's World Cup,2015-06-06,Cameroon,0.00455,0.0,0.0606,0.0,0.12705,0.0,0.30865,1.0,0.34905,0.0,0.15465,0.0,0.17575,0.0,0.0284,0.0,0.7183,1.0,0.0004,0.0
2015,FIFA Women's World Cup,2015-06-06,Germany,0.4038,0.0,0.8288,1.0,0.00015,0.0,0.1655,0.0,0.0051,0.0,0.00045,0.0,0.8252,1.0,0.62015,1.0,0.9994,1.0,0.27785,0.0
2015,FIFA Women's World Cup,2015-06-06,Spain,0.01645,0.0,0.1524,0.0,0.1354,1.0,0.35975,0.0,0.2565,0.0,0.09595,0.0,0.19275,0.0,0.05555,0.0,0.76865,0.0,0.00475,0.0
2015,FIFA Women's World Cup,2015-06-06,Colombia,0.00255,0.0,0.0283,0.0,0.54185,0.0,0.10775,0.0,0.1922,1.0,0.1299,0.0,0.0595,0.0,0.0141,0.0,0.32825,1.0,0.00035,0.0
2015,FIFA Women's World Cup,2015-06-06,Ecuador,0.0,0.0,0.0015,0.0,0.8214,1.0,0.0312,0.0,0.06375,0.0,0.08215,0.0,0.00585,0.0,0.00055,0.0,0.09645,0.0,0.0,0.0
2015,FIFA Women's World Cup,2015-06-06,France,0.15775,0.0,0.60785,1.0,0.02135,0.0,0.28795,0.0,0.0706,0.0,0.01225,0.0,0.66225,1.0,0.314,0.0,0.9664,1.0,0.07365,0.0
2015,FIFA Women's World Cup,2015-06-06,England,0.0816,0.0,0.31125,0.0,0.0644,0.0,0.4378,1.0,0.1452,0.0,0.04135,0.0,0.4824,1.0,0.20255,1.0,0.89425,1.0,0.02755,0.0
2015,FIFA Women's World Cup,2015-06-06,China,0.01275,0.0,0.0386,0.0,0.3109,0.0,0.2788,1.0,0.25945,0.0,0.11225,0.0,0.22755,1.0,0.05565,0.0,0.57685,1.0,0.0026,0.0
2015,FIFA Women's World Cup,2015-06-06,Australia,0.0482,0.0,0.09355,0.0,0.3066,0.0,0.244,1.0,0.24445,0.0,0.1114,0.0,0.2553,1.0,0.1259,0.0,0.582,1.0,0.0158,0.0
2015,FIFA Women's World Cup,2015-06-06,Thailand,0.00015,0.0,0.00075,0.0,0.67605,0.0,0.02895,0.0,0.1079,0.0,0.18635,1.0,0.0072,0.0,0.0005,0.0,0.1376,0.0,0.0,0.0
2015,FIFA Women's World Cup,2015-06-06,New Zealand,0.0031,0.0,0.01995,0.0,0.62245,1.0,0.0868,0.0,0.1896,0.0,0.0812,0.0,0.08375,0.0,0.01915,0.0,0.29635,0.0,0.0005,0.0
2015,FIFA Women's World Cup,2015-06-06,Japan,0.22535,1.0,0.78735,1.0,0.0008,0.0,0.17665,0.0,0.03255,0.0,0.00265,0.0,0.78655,1.0,0.40735,1.0,0.99655,1.0,0.0922,0.0
2015,FIFA Women's World Cup,2015-06-06,Norway,0.0761,0.0,0.16425,0.0,0.0175,0.0,0.683,1.0,0.09925,0.0,0.036,0.0,0.4691,0.0,0.21325,0.0,0.9465,1.0,0.02055,0.0
2015,FIFA Women's World Cup,2015-06-06,Mexico,0.00525,0.0,0.0526,0.0,0.3724,1.0,0.1665,0.0,0.26245,0.0,0.14605,0.0,0.1105,0.0,0.02585,0.0,0.48155,0.0,0.0006,0.0
2015,FIFA Women's World Cup,2015-06-06,Brazil,0.15555,0.0,0.6982,1.0,0.01115,0.0,0.2165,0.0,0.0658,0.0,0.00835,0.0,0.5117,0.0,0.27965,0.0,0.9805,1.0,0.06655,0.0
2015,FIFA Women's World Cup,2015-06-06,Canada,0.18585,0.0,0.6979,1.0,0.01215,0.0,0.2239,0.0,0.06165,0.0,0.0044,0.0,0.7264,1.0,0.3884,0.0,0.98345,1.0,0.07045,0.0
2015,FIFA Women's World Cup,2015-06-02,Switzerland,0.01545,0.0,0.1449,0.0,0.0508,0.0,0.4949,0.0,0.2344,1.0,0.075,0.0,0.338,0.0,0.07295,0.0,0.8742,1.0,0.00315,0.0
2015,FIFA Women's World Cup,2015-06-02,Nigeria,0.0174,0.0,0.04415,0.0,0.51565,1.0,0.1515,0.0,0.18735,0.0,0.10135,0.0,0.12615,0.0,0.0527,0.0,0.383,0.0,0.0039,0.0
2015,FIFA Women's World Cup,2015-06-02,USA,0.41755,1.0,0.64725,1.0,0.0259,0.0,0.23885,0.0,0.0758,0.0,0.0122,0.0,0.80235,1.0,0.654,1.0,0.9619,1.0,0.28235,1.0
2015,FIFA Women's World Cup,2015-06-02,Netherlands,0.03065,0.0,0.1807,0.0,0.2311,0.0,0.2947,0.0,0.215,1.0,0.0785,0.0,0.3313,0.0,0.10335,0.0,0.6904,1.0,0.00725,0.0
2015,FIFA Women's World Cup,2015-06-02,Sweden,0.1302,0.0,0.2116,0.0,0.1487,0.0,0.37265,0.0,0.20325,1.0,0.0638,0.0,0.44755,0.0,0.27195,0.0,0.7875,1.0,0.05045,0.0
2015,FIFA Women's World Cup,2015-06-02,Costa Rica,0.00015,0.0,0.01175,0.0,0.71115,0.0,0.07085,0.0,0.11545,0.0,0.0908,1.0,0.01405,0.0,0.0013,0.0,0.19805,0.0,0.0,0.0
2015,FIFA Women's World Cup,2015-06-02,Ivory Coast,0.00205,0.0,0.0061,0.0,0.306,1.0,0.1204,0.0,0.28765,0.0,0.27985,0.0,0.0622,0.0,0.0113,0.0,0.41415,0.0,0.0002,0.0
2015,FIFA Women's World Cup,2015-06-02,South Korea,0.01245,0.0,0.13845,0.0,0.1434,0.0,0.3447,1.0,0.2699,0.0,0.10355,0.0,0.1834,0.0,0.04805,0.0,0.75305,1.0,0.0025,0.0
2015,FIFA Women's World Cup,2015-06-02,Cameroon,0.00425,0.0,0.06095,0.0,0.12845,0.0,0.3062,1.0,0.3478,0.0,0.1566,0.0,0.1802,0.0,0.02995,0.0,0.71495,1.0,0.00055,0.0
2015,FIFA Women's World Cup,2015-06-02,Germany,0.3954,0.0,0.83385,1.0,0.0003,0.0,0.15915,0.0,0.0062,0.0,0.0005,0.0,0.81475,1.0,0.6098,1.0,0.9992,1.0,0.2708,0.0
2015,FIFA Women's World Cup,2015-06-02,Spain,0.0162,0.0,0.15015,0.0,0.13375,1.0,0.3679,0.0,0.25485,0.0,0.09335,0.0,0.1958,0.0,0.05735,0.0,0.7729,0.0,0.00415,0.0
2015,FIFA Women's World Cup,2015-06-02,Colombia,0.00145,0.0,0.028,0.0,0.54455,0.0,0.10355,0.0,0.19245,1.0,0.13145,0.0,0.0575,0.0,0.0119,0.0,0.324,1.0,0.0002,0.0
2015,FIFA Women's World Cup,2015-06-02,Ecuador,0.0,0.0,0.00105,0.0,0.8192,1.0,0.02965,0.0,0.06525,0.0,0.08485,0.0,0.00595,0.0,0.00035,0.0,0.09595,0.0,0.0,0.0
2015,FIFA Women's World Cup,2015-06-02,France,0.16,0.0,0.6017,1.0,0.0189,0.0,0.291,0.0,0.07555,0.0,0.01285,0.0,0.66995,1.0,0.3252,0.0,0.96825,1.0,0.07605,0.0
2015,FIFA Women's World Cup,2015-06-02,England,0.0793,0.0,0.3156,0.0,0.0649,0.0,0.43675,1.0,0.1423,0.0,0.04045,0.0,0.4838,1.0,0.20725,1.0,0.89465,1.0,0.0249,0.0
2015,FIFA Women's World Cup,2015-06-02,China,0.0197,0.0,0.14475,0.0,0.2792,0.0,0.2692,1.0,0.22345,0.0,0.0834,0.0,0.27985,1.0,0.0742,0.0,0.6374,1.0,0.00425,0.0
2015,FIFA Women's World Cup,2015-06-02,Australia,0.0494,0.0,0.097,0.0,0.30975,0.0,0.237,1.0,0.2453,0.0,0.11095,0.0,0.25525,1.0,0.1284,0.0,0.5793,1.0,0.01645,0.0
2015,FIFA Women's World Cup,2015-06-02,Thailand,0.0,0.0,0.0006,0.0,0.67625,0.0,0.0301,0.0,0.1132,0.0,0.17985,1.0,0.0089,0.0,0.0004,0.0,0.1439,0.0,0.0,0.0
2015,FIFA Women's World Cup,2015-06-02,New Zealand,0.0085,0.0,0.08245,0.0,0.43935,1.0,0.1937,0.0,0.1972,0.0,0.0873,0.0,0.1768,0.0,0.0411,0.0,0.47335,0.0,0.00145,0.0
2015,FIFA Women's World Cup,2015-06-02,Japan,0.2314,1.0,0.7931,1.0,0.00155,0.0,0.16925,0.0,0.03355,0.0,0.00255,0.0,0.78615,1.0,0.4078,1.0,0.9959,1.0,0.09735,0.0
2015,FIFA Women's World Cup,2015-06-02,Norway,0.08,0.0,0.15945,0.0,0.01745,0.0,0.69035,1.0,0.09555,0.0,0.0372,0.0,0.46515,0.0,0.2171,0.0,0.94535,1.0,0.0209,0.0
2015,FIFA Women's World Cup,2015-06-02,Mexico,0.0049,0.0,0.0547,0.0,0.37165,1.0,0.1687,0.0,0.2578,0.0,0.14715,0.0,0.1148,0.0,0.0295,0.0,0.4812,0.0,0.00065,0.0
2015,FIFA Women's World Cup,2015-06-02,Brazil,0.15365,0.0,0.69965,1.0,0.0117,0.0,0.21655,0.0,0.06335,0.0,0.00875,0.0,0.5148,0.0,0.2808,0.0,0.97955,1.0,0.0641,0.0
2015,FIFA Women's World Cup,2015-06-02,Canada,0.16995,0.0,0.5921,1.0,0.05035,0.0,0.2424,0.0,0.0974,0.0,0.01775,0.0,0.68535,1.0,0.3633,0.0,0.9319,1.0,0.0684,0.0
